alias_id,source_scope,raw_chain_name,chain_network_id,namespace_id,address_codec_id,address_type,asset_hint,token_standard_hint,status,evidence_ref,source_id,approved_by,approved_at,approval_notes
1,cex_por_workbook:MEXC,Algorand,45,43,92,wallet_address,,,approved,sha256:c19fe777e29dd0d6434d7e9f08aa36fca0d1e89ed89c293accd55b4f8b987594#sheet=MEXC&distinct_chain=Algorand&rows=2,13,catalog_review,2026-07-17,Canonical network/namespace mapping reviewed
2,cex_por_workbook:MEXC,Aptos,30,28,31,wallet_address,,,approved,sha256:c19fe777e29dd0d6434d7e9f08aa36fca0d1e89ed89c293accd55b4f8b987594#sheet=MEXC&distinct_chain=Aptos&rows=1,13,catalog_review,2026-07-17,Canonical network/namespace mapping reviewed
3,cex_por_workbook:MEXC,Arbitrum,5,7,1,wallet_address,,,approved,sha256:c19fe777e29dd0d6434d7e9f08aa36fca0d1e89ed89c293accd55b4f8b987594#sheet=MEXC&distinct_chain=Arbitrum&rows=2,13,catalog_review,2026-07-17,Canonical network/namespace mapping reviewed
4,cex_por_workbook:MEXC,Avalanche-C,14,12,1,wallet_address,,,approved,sha256:c19fe777e29dd0d6434d7e9f08aa36fca0d1e89ed89c293accd55b4f8b987594#sheet=MEXC&distinct_chain=Avalanche-C&rows=1,13,catalog_review,2026-07-17,Canonical network/namespace mapping reviewed
5,cex_por_workbook:MEXC,Base,4,6,1,wallet_address,,,approved,sha256:c19fe777e29dd0d6434d7e9f08aa36fca0d1e89ed89c293accd55b4f8b987594#sheet=MEXC&distinct_chain=Base&rows=1,13,catalog_review,2026-07-17,Canonical network/namespace mapping reviewed
6,cex_por_workbook:MEXC,Bitcoin,1,47,13,wallet_address,,,approved,sha256:c19fe777e29dd0d6434d7e9f08aa36fca0d1e89ed89c293accd55b4f8b987594#sheet=MEXC&distinct_chain=Bitcoin&rows=10,13,catalog_review,2026-07-17,Canonical network/namespace mapping reviewed
7,cex_por_workbook:MEXC,BSC,7,9,1,wallet_address,,,approved,sha256:c19fe777e29dd0d6434d7e9f08aa36fca0d1e89ed89c293accd55b4f8b987594#sheet=MEXC&distinct_chain=BSC&rows=5,13,catalog_review,2026-07-17,Canonical network/namespace mapping reviewed
8,cex_por_workbook:MEXC,Celo,23,21,1,wallet_address,,,approved,sha256:c19fe777e29dd0d6434d7e9f08aa36fca0d1e89ed89c293accd55b4f8b987594#sheet=MEXC&distinct_chain=Celo&rows=1,13,catalog_review,2026-07-17,Canonical network/namespace mapping reviewed
9,cex_por_workbook:MEXC,Ethereum,2,4,1,wallet_address,,,approved,sha256:c19fe777e29dd0d6434d7e9f08aa36fca0d1e89ed89c293accd55b4f8b987594#sheet=MEXC&distinct_chain=Ethereum&rows=14,13,catalog_review,2026-07-17,Canonical network/namespace mapping reviewed
10,cex_por_workbook:MEXC,Kaia,26,24,1,wallet_address,,,approved,sha256:c19fe777e29dd0d6434d7e9f08aa36fca0d1e89ed89c293accd55b4f8b987594#sheet=MEXC&distinct_chain=Kaia&rows=1,13,catalog_review,2026-07-17,Canonical network/namespace mapping reviewed
11,cex_por_workbook:MEXC,Linea,19,17,1,wallet_address,,,approved,sha256:c19fe777e29dd0d6434d7e9f08aa36fca0d1e89ed89c293accd55b4f8b987594#sheet=MEXC&distinct_chain=Linea&rows=1,13,catalog_review,2026-07-17,Canonical network/namespace mapping reviewed
12,cex_por_workbook:MEXC,Morph,65,68,1,wallet_address,,,approved,sha256:c19fe777e29dd0d6434d7e9f08aa36fca0d1e89ed89c293accd55b4f8b987594#sheet=MEXC&distinct_chain=Morph&rows=1,13,catalog_review,2026-07-17,Canonical network/namespace mapping reviewed
13,cex_por_workbook:MEXC,Near,39,37,60,wallet_address,,,approved,sha256:c19fe777e29dd0d6434d7e9f08aa36fca0d1e89ed89c293accd55b4f8b987594#sheet=MEXC&distinct_chain=Near&rows=1,13,catalog_review,2026-07-17,Canonical network/namespace mapping reviewed
14,cex_por_workbook:MEXC,Optimism,6,8,1,wallet_address,,,approved,sha256:c19fe777e29dd0d6434d7e9f08aa36fca0d1e89ed89c293accd55b4f8b987594#sheet=MEXC&distinct_chain=Optimism&rows=1,13,catalog_review,2026-07-17,Canonical network/namespace mapping reviewed
15,cex_por_workbook:MEXC,Plasma,77,80,1,wallet_address,,,approved,sha256:c19fe777e29dd0d6434d7e9f08aa36fca0d1e89ed89c293accd55b4f8b987594#sheet=MEXC&distinct_chain=Plasma&rows=1,13,catalog_review,2026-07-17,Canonical network/namespace mapping reviewed
16,cex_por_workbook:MEXC,Polkadot AH,84,87,80,wallet_address,,,approved,sha256:c19fe777e29dd0d6434d7e9f08aa36fca0d1e89ed89c293accd55b4f8b987594#sheet=MEXC&distinct_chain=Polkadot%20AH&rows=1,13,catalog_review,2026-07-17,Canonical network/namespace mapping reviewed
17,cex_por_workbook:MEXC,Polygon,3,5,1,wallet_address,,,approved,sha256:c19fe777e29dd0d6434d7e9f08aa36fca0d1e89ed89c293accd55b4f8b987594#sheet=MEXC&distinct_chain=Polygon&rows=2,13,catalog_review,2026-07-17,Canonical network/namespace mapping reviewed
18,cex_por_workbook:MEXC,SEI,35,33,40,wallet_address,,,approved,sha256:c19fe777e29dd0d6434d7e9f08aa36fca0d1e89ed89c293accd55b4f8b987594#sheet=MEXC&distinct_chain=SEI&rows=1,13,catalog_review,2026-07-17,Canonical network/namespace mapping reviewed
19,cex_por_workbook:MEXC,Solana,8,10,20,wallet_address,,,approved,sha256:c19fe777e29dd0d6434d7e9f08aa36fca0d1e89ed89c293accd55b4f8b987594#sheet=MEXC&distinct_chain=Solana&rows=2,13,catalog_review,2026-07-17,Canonical network/namespace mapping reviewed
20,cex_por_workbook:MEXC,Sonic,28,26,1,wallet_address,,,approved,sha256:c19fe777e29dd0d6434d7e9f08aa36fca0d1e89ed89c293accd55b4f8b987594#sheet=MEXC&distinct_chain=Sonic&rows=1,13,catalog_review,2026-07-17,Canonical network/namespace mapping reviewed
21,cex_por_workbook:MEXC,Starknet,48,46,95,wallet_address,,,approved,sha256:c19fe777e29dd0d6434d7e9f08aa36fca0d1e89ed89c293accd55b4f8b987594#sheet=MEXC&distinct_chain=Starknet&rows=1,13,catalog_review,2026-07-17,Canonical network/namespace mapping reviewed
22,cex_por_workbook:MEXC,SUI,29,27,30,wallet_address,,,approved,sha256:c19fe777e29dd0d6434d7e9f08aa36fca0d1e89ed89c293accd55b4f8b987594#sheet=MEXC&distinct_chain=SUI&rows=2,13,catalog_review,2026-07-17,Canonical network/namespace mapping reviewed
23,cex_por_workbook:MEXC,Ton,31,29,50,wallet_address,,,approved,sha256:c19fe777e29dd0d6434d7e9f08aa36fca0d1e89ed89c293accd55b4f8b987594#sheet=MEXC&distinct_chain=Ton&rows=1,13,catalog_review,2026-07-17,Canonical network/namespace mapping reviewed
24,cex_por_workbook:MEXC,Tron,9,11,21,wallet_address,,,approved,sha256:c19fe777e29dd0d6434d7e9f08aa36fca0d1e89ed89c293accd55b4f8b987594#sheet=MEXC&distinct_chain=Tron&rows=2,13,catalog_review,2026-07-17,Canonical network/namespace mapping reviewed
25,cex_por_workbook:MEXC,Unichain,72,75,1,wallet_address,,,approved,sha256:c19fe777e29dd0d6434d7e9f08aa36fca0d1e89ed89c293accd55b4f8b987594#sheet=MEXC&distinct_chain=Unichain&rows=1,13,catalog_review,2026-07-17,Canonical network/namespace mapping reviewed
26,cex_por_workbook:MEXC,XDC,74,77,1,wallet_address,,,approved,sha256:c19fe777e29dd0d6434d7e9f08aa36fca0d1e89ed89c293accd55b4f8b987594#sheet=MEXC&distinct_chain=XDC&rows=1,13,catalog_review,2026-07-17,Canonical network/namespace mapping reviewed
27,cex_por_workbook:MEXC,ZKSync Lite,112,115,1,wallet_address,,,approved,sha256:c19fe777e29dd0d6434d7e9f08aa36fca0d1e89ed89c293accd55b4f8b987594#sheet=MEXC&distinct_chain=ZKSync%20Lite&rows=1,13,catalog_review,2026-07-17,Canonical network/namespace mapping reviewed
28,cex_por_workbook:Bybit,Aptos,30,28,31,wallet_address,,,approved,sha256:c19fe777e29dd0d6434d7e9f08aa36fca0d1e89ed89c293accd55b4f8b987594#sheet=Bybit&distinct_chain=Aptos&rows=5,13,catalog_review,2026-07-17,Canonical network/namespace mapping reviewed
29,cex_por_workbook:Bybit,Arbitrum,5,7,1,wallet_address,,,approved,sha256:c19fe777e29dd0d6434d7e9f08aa36fca0d1e89ed89c293accd55b4f8b987594#sheet=Bybit&distinct_chain=Arbitrum&rows=15,13,catalog_review,2026-07-17,Canonical network/namespace mapping reviewed
30,cex_por_workbook:Bybit,Avalanche-C,14,12,1,wallet_address,,,approved,sha256:c19fe777e29dd0d6434d7e9f08aa36fca0d1e89ed89c293accd55b4f8b987594#sheet=Bybit&distinct_chain=Avalanche-C&rows=15,13,catalog_review,2026-07-17,Canonical network/namespace mapping reviewed
31,cex_por_workbook:Bybit,Avalanche-X,83,86,102,wallet_address,,,approved,sha256:c19fe777e29dd0d6434d7e9f08aa36fca0d1e89ed89c293accd55b4f8b987594#sheet=Bybit&distinct_chain=Avalanche-X&rows=2,13,catalog_review,2026-07-17,Canonical network/namespace mapping reviewed
32,cex_por_workbook:Bybit,Base,4,6,1,wallet_address,,,approved,sha256:c19fe777e29dd0d6434d7e9f08aa36fca0d1e89ed89c293accd55b4f8b987594#sheet=Bybit&distinct_chain=Base&rows=8,13,catalog_review,2026-07-17,Canonical network/namespace mapping reviewed
33,cex_por_workbook:Bybit,Bera,27,25,1,wallet_address,,,approved,sha256:c19fe777e29dd0d6434d7e9f08aa36fca0d1e89ed89c293accd55b4f8b987594#sheet=Bybit&distinct_chain=Bera&rows=3,13,catalog_review,2026-07-17,Canonical network/namespace mapping reviewed
34,cex_por_workbook:Bybit,Bitcoin,1,47,13,wallet_address,,,approved,sha256:c19fe777e29dd0d6434d7e9f08aa36fca0d1e89ed89c293accd55b4f8b987594#sheet=Bybit&distinct_chain=Bitcoin&rows=23,13,catalog_review,2026-07-17,Canonical network/namespace mapping reviewed
35,cex_por_workbook:Bybit,BSC,7,9,1,wallet_address,,,approved,sha256:c19fe777e29dd0d6434d7e9f08aa36fca0d1e89ed89c293accd55b4f8b987594#sheet=Bybit&distinct_chain=BSC&rows=16,13,catalog_review,2026-07-17,Canonical network/namespace mapping reviewed
36,cex_por_workbook:Bybit,Celo,23,21,1,wallet_address,,,approved,sha256:c19fe777e29dd0d6434d7e9f08aa36fca0d1e89ed89c293accd55b4f8b987594#sheet=Bybit&distinct_chain=Celo&rows=4,13,catalog_review,2026-07-17,Canonical network/namespace mapping reviewed
37,cex_por_workbook:Bybit,Codex,78,81,1,wallet_address,,,approved,sha256:c19fe777e29dd0d6434d7e9f08aa36fca0d1e89ed89c293accd55b4f8b987594#sheet=Bybit&distinct_chain=Codex&rows=1,13,catalog_review,2026-07-17,Canonical network/namespace mapping reviewed
38,cex_por_workbook:Bybit,Corn,79,82,1,wallet_address,,,approved,sha256:c19fe777e29dd0d6434d7e9f08aa36fca0d1e89ed89c293accd55b4f8b987594#sheet=Bybit&distinct_chain=Corn&rows=1,13,catalog_review,2026-07-17,Canonical network/namespace mapping reviewed
39,cex_por_workbook:Bybit,Cosmos,32,30,40,wallet_address,,,approved,sha256:c19fe777e29dd0d6434d7e9f08aa36fca0d1e89ed89c293accd55b4f8b987594#sheet=Bybit&distinct_chain=Cosmos&rows=6,13,catalog_review,2026-07-17,Canonical network/namespace mapping reviewed
40,cex_por_workbook:Bybit,Dogecoin,12,50,97,wallet_address,,,approved,sha256:c19fe777e29dd0d6434d7e9f08aa36fca0d1e89ed89c293accd55b4f8b987594#sheet=Bybit&distinct_chain=Dogecoin&rows=7,13,catalog_review,2026-07-17,Canonical network/namespace mapping reviewed
41,cex_por_workbook:Bybit,DYDX,38,36,40,wallet_address,,,approved,sha256:c19fe777e29dd0d6434d7e9f08aa36fca0d1e89ed89c293accd55b4f8b987594#sheet=Bybit&distinct_chain=DYDX&rows=1,13,catalog_review,2026-07-17,Canonical network/namespace mapping reviewed
42,cex_por_workbook:Bybit,Ethereum,2,4,1,wallet_address,,,approved,sha256:c19fe777e29dd0d6434d7e9f08aa36fca0d1e89ed89c293accd55b4f8b987594#sheet=Bybit&distinct_chain=Ethereum&rows=113,13,catalog_review,2026-07-17,Canonical network/namespace mapping reviewed
43,cex_por_workbook:Bybit,Fantom,16,14,1,wallet_address,,,approved,sha256:c19fe777e29dd0d6434d7e9f08aa36fca0d1e89ed89c293accd55b4f8b987594#sheet=Bybit&distinct_chain=Fantom&rows=1,13,catalog_review,2026-07-17,Canonical network/namespace mapping reviewed
44,cex_por_workbook:Bybit,HyperEVM,81,84,1,wallet_address,,,approved,sha256:c19fe777e29dd0d6434d7e9f08aa36fca0d1e89ed89c293accd55b4f8b987594#sheet=Bybit&distinct_chain=HyperEVM&rows=4,13,catalog_review,2026-07-17,Canonical network/namespace mapping reviewed
45,cex_por_workbook:Bybit,Kaia,26,24,1,wallet_address,,,approved,sha256:c19fe777e29dd0d6434d7e9f08aa36fca0d1e89ed89c293accd55b4f8b987594#sheet=Bybit&distinct_chain=Kaia&rows=4,13,catalog_review,2026-07-17,Canonical network/namespace mapping reviewed
46,cex_por_workbook:Bybit,Kava EVM,61,64,1,wallet_address,,,approved,sha256:c19fe777e29dd0d6434d7e9f08aa36fca0d1e89ed89c293accd55b4f8b987594#sheet=Bybit&distinct_chain=Kava%20EVM&rows=3,13,catalog_review,2026-07-17,Canonical network/namespace mapping reviewed
47,cex_por_workbook:Bybit,Linea,19,17,1,wallet_address,,,approved,sha256:c19fe777e29dd0d6434d7e9f08aa36fca0d1e89ed89c293accd55b4f8b987594#sheet=Bybit&distinct_chain=Linea&rows=5,13,catalog_review,2026-07-17,Canonical network/namespace mapping reviewed
48,cex_por_workbook:Bybit,Litecoin,11,49,97,wallet_address,,,approved,sha256:c19fe777e29dd0d6434d7e9f08aa36fca0d1e89ed89c293accd55b4f8b987594#sheet=Bybit&distinct_chain=Litecoin&rows=4,13,catalog_review,2026-07-17,Canonical network/namespace mapping reviewed
49,cex_por_workbook:Bybit,Manta,63,66,1,wallet_address,,,approved,sha256:c19fe777e29dd0d6434d7e9f08aa36fca0d1e89ed89c293accd55b4f8b987594#sheet=Bybit&distinct_chain=Manta&rows=3,13,catalog_review,2026-07-17,Canonical network/namespace mapping reviewed
50,cex_por_workbook:Bybit,Mantle,21,19,1,wallet_address,,,approved,sha256:c19fe777e29dd0d6434d7e9f08aa36fca0d1e89ed89c293accd55b4f8b987594#sheet=Bybit&distinct_chain=Mantle&rows=22,13,catalog_review,2026-07-17,Canonical network/namespace mapping reviewed
51,cex_por_workbook:Bybit,Monad,82,85,1,wallet_address,,,approved,sha256:c19fe777e29dd0d6434d7e9f08aa36fca0d1e89ed89c293accd55b4f8b987594#sheet=Bybit&distinct_chain=Monad&rows=3,13,catalog_review,2026-07-17,Canonical network/namespace mapping reviewed
52,cex_por_workbook:Bybit,Optimism,6,8,1,wallet_address,,,approved,sha256:c19fe777e29dd0d6434d7e9f08aa36fca0d1e89ed89c293accd55b4f8b987594#sheet=Bybit&distinct_chain=Optimism&rows=15,13,catalog_review,2026-07-17,Canonical network/namespace mapping reviewed
53,cex_por_workbook:Bybit,Plasma,77,80,1,wallet_address,,,approved,sha256:c19fe777e29dd0d6434d7e9f08aa36fca0d1e89ed89c293accd55b4f8b987594#sheet=Bybit&distinct_chain=Plasma&rows=3,13,catalog_review,2026-07-17,Canonical network/namespace mapping reviewed
54,cex_por_workbook:Bybit,Polkadot AH,84,87,80,wallet_address,,,approved,sha256:c19fe777e29dd0d6434d7e9f08aa36fca0d1e89ed89c293accd55b4f8b987594#sheet=Bybit&distinct_chain=Polkadot%20AH&rows=5,13,catalog_review,2026-07-17,Canonical network/namespace mapping reviewed
55,cex_por_workbook:Bybit,Polygon,3,5,1,wallet_address,,,approved,sha256:c19fe777e29dd0d6434d7e9f08aa36fca0d1e89ed89c293accd55b4f8b987594#sheet=Bybit&distinct_chain=Polygon&rows=12,13,catalog_review,2026-07-17,Canonical network/namespace mapping reviewed
56,cex_por_workbook:Bybit,Ripple,43,41,90,wallet_address,,,approved,sha256:c19fe777e29dd0d6434d7e9f08aa36fca0d1e89ed89c293accd55b4f8b987594#sheet=Bybit&distinct_chain=Ripple&rows=11,13,catalog_review,2026-07-17,Canonical network/namespace mapping reviewed
57,cex_por_workbook:Bybit,Scroll,20,18,1,wallet_address,,,approved,sha256:c19fe777e29dd0d6434d7e9f08aa36fca0d1e89ed89c293accd55b4f8b987594#sheet=Bybit&distinct_chain=Scroll&rows=2,13,catalog_review,2026-07-17,Canonical network/namespace mapping reviewed
58,cex_por_workbook:Bybit,Sei EVM,68,71,1,wallet_address,,,approved,sha256:c19fe777e29dd0d6434d7e9f08aa36fca0d1e89ed89c293accd55b4f8b987594#sheet=Bybit&distinct_chain=Sei%20EVM&rows=2,13,catalog_review,2026-07-17,Canonical network/namespace mapping reviewed
59,cex_por_workbook:Bybit,Solana,8,10,20,wallet_address,,,approved,sha256:c19fe777e29dd0d6434d7e9f08aa36fca0d1e89ed89c293accd55b4f8b987594#sheet=Bybit&distinct_chain=Solana&rows=37,13,catalog_review,2026-07-17,Canonical network/namespace mapping reviewed
60,cex_por_workbook:Bybit,Sonic,28,26,1,wallet_address,,,approved,sha256:c19fe777e29dd0d6434d7e9f08aa36fca0d1e89ed89c293accd55b4f8b987594#sheet=Bybit&distinct_chain=Sonic&rows=9,13,catalog_review,2026-07-17,Canonical network/namespace mapping reviewed
61,cex_por_workbook:Bybit,Sui,29,27,30,wallet_address,,,approved,sha256:c19fe777e29dd0d6434d7e9f08aa36fca0d1e89ed89c293accd55b4f8b987594#sheet=Bybit&distinct_chain=Sui&rows=2,13,catalog_review,2026-07-17,Canonical network/namespace mapping reviewed
62,cex_por_workbook:Bybit,Ton,31,29,50,wallet_address,,,approved,sha256:c19fe777e29dd0d6434d7e9f08aa36fca0d1e89ed89c293accd55b4f8b987594#sheet=Bybit&distinct_chain=Ton&rows=7,13,catalog_review,2026-07-17,Canonical network/namespace mapping reviewed
63,cex_por_workbook:Bybit,Tron,9,11,21,wallet_address,,,approved,sha256:c19fe777e29dd0d6434d7e9f08aa36fca0d1e89ed89c293accd55b4f8b987594#sheet=Bybit&distinct_chain=Tron&rows=33,13,catalog_review,2026-07-17,Canonical network/namespace mapping reviewed
64,cex_por_workbook:Bybit,Vaulta,101,104,112,wallet_address,,,approved,sha256:c19fe777e29dd0d6434d7e9f08aa36fca0d1e89ed89c293accd55b4f8b987594#sheet=Bybit&distinct_chain=Vaulta&rows=2,13,catalog_review,2026-07-17,Canonical network/namespace mapping reviewed
65,cex_por_workbook:Bybit,XDC,74,77,1,wallet_address,,,approved,sha256:c19fe777e29dd0d6434d7e9f08aa36fca0d1e89ed89c293accd55b4f8b987594#sheet=Bybit&distinct_chain=XDC&rows=1,13,catalog_review,2026-07-17,Canonical network/namespace mapping reviewed
66,cex_por_workbook:Bybit,ZKSync Era,18,16,1,wallet_address,,,approved,sha256:c19fe777e29dd0d6434d7e9f08aa36fca0d1e89ed89c293accd55b4f8b987594#sheet=Bybit&distinct_chain=ZKSync%20Era&rows=6,13,catalog_review,2026-07-17,Canonical network/namespace mapping reviewed
67,cex_por_workbook:Bybit,ZKSync Lite,112,115,1,wallet_address,,,approved,sha256:c19fe777e29dd0d6434d7e9f08aa36fca0d1e89ed89c293accd55b4f8b987594#sheet=Bybit&distinct_chain=ZKSync%20Lite&rows=4,13,catalog_review,2026-07-17,Canonical network/namespace mapping reviewed
68,cex_por_workbook:KuCoin,Aptos,30,28,31,wallet_address,,,approved,sha256:c19fe777e29dd0d6434d7e9f08aa36fca0d1e89ed89c293accd55b4f8b987594#sheet=KuCoin&distinct_chain=Aptos&rows=5,13,catalog_review,2026-07-17,Canonical network/namespace mapping reviewed
69,cex_por_workbook:KuCoin,Arbitrum,5,7,1,wallet_address,,,approved,sha256:c19fe777e29dd0d6434d7e9f08aa36fca0d1e89ed89c293accd55b4f8b987594#sheet=KuCoin&distinct_chain=Arbitrum&rows=8,13,catalog_review,2026-07-17,Canonical network/namespace mapping reviewed
70,cex_por_workbook:KuCoin,Aurora,58,61,1,wallet_address,,,approved,sha256:c19fe777e29dd0d6434d7e9f08aa36fca0d1e89ed89c293accd55b4f8b987594#sheet=KuCoin&distinct_chain=Aurora&rows=5,13,catalog_review,2026-07-17,Canonical network/namespace mapping reviewed
71,cex_por_workbook:KuCoin,Avalanche C-Chain,14,12,1,wallet_address,,,approved,sha256:c19fe777e29dd0d6434d7e9f08aa36fca0d1e89ed89c293accd55b4f8b987594#sheet=KuCoin&distinct_chain=Avalanche%20C-Chain&rows=7,13,catalog_review,2026-07-17,Canonical network/namespace mapping reviewed
72,cex_por_workbook:KuCoin,Base,4,6,1,wallet_address,,,approved,sha256:c19fe777e29dd0d6434d7e9f08aa36fca0d1e89ed89c293accd55b4f8b987594#sheet=KuCoin&distinct_chain=Base&rows=9,13,catalog_review,2026-07-17,Canonical network/namespace mapping reviewed
73,cex_por_workbook:KuCoin,Bitcoin,1,47,13,wallet_address,,,approved,sha256:c19fe777e29dd0d6434d7e9f08aa36fca0d1e89ed89c293accd55b4f8b987594#sheet=KuCoin&distinct_chain=Bitcoin&rows=58,13,catalog_review,2026-07-17,Canonical network/namespace mapping reviewed
74,cex_por_workbook:KuCoin,Blast,22,20,1,wallet_address,,,approved,sha256:c19fe777e29dd0d6434d7e9f08aa36fca0d1e89ed89c293accd55b4f8b987594#sheet=KuCoin&distinct_chain=Blast&rows=3,13,catalog_review,2026-07-17,Canonical network/namespace mapping reviewed
75,cex_por_workbook:KuCoin,BSC,7,9,1,wallet_address,,,approved,sha256:c19fe777e29dd0d6434d7e9f08aa36fca0d1e89ed89c293accd55b4f8b987594#sheet=KuCoin&distinct_chain=BSC&rows=16,13,catalog_review,2026-07-17,Canonical network/namespace mapping reviewed
76,cex_por_workbook:KuCoin,Ethereum,2,4,1,wallet_address,,,approved,sha256:c19fe777e29dd0d6434d7e9f08aa36fca0d1e89ed89c293accd55b4f8b987594#sheet=KuCoin&distinct_chain=Ethereum&rows=38,13,catalog_review,2026-07-17,Canonical network/namespace mapping reviewed
77,cex_por_workbook:KuCoin,Hyperliquid,80,83,1,wallet_address,,,approved,sha256:c19fe777e29dd0d6434d7e9f08aa36fca0d1e89ed89c293accd55b4f8b987594#sheet=KuCoin&distinct_chain=Hyperliquid&rows=3,13,catalog_review,2026-07-17,Canonical network/namespace mapping reviewed
78,cex_por_workbook:KuCoin,Kava EVM,61,64,1,wallet_address,,,approved,sha256:c19fe777e29dd0d6434d7e9f08aa36fca0d1e89ed89c293accd55b4f8b987594#sheet=KuCoin&distinct_chain=Kava%20EVM&rows=4,13,catalog_review,2026-07-17,Canonical network/namespace mapping reviewed
79,cex_por_workbook:KuCoin,KCC,62,65,1,wallet_address,,,approved,sha256:c19fe777e29dd0d6434d7e9f08aa36fca0d1e89ed89c293accd55b4f8b987594#sheet=KuCoin&distinct_chain=KCC&rows=7,13,catalog_review,2026-07-17,Canonical network/namespace mapping reviewed
80,cex_por_workbook:KuCoin,Linea,19,17,1,wallet_address,,,approved,sha256:c19fe777e29dd0d6434d7e9f08aa36fca0d1e89ed89c293accd55b4f8b987594#sheet=KuCoin&distinct_chain=Linea&rows=5,13,catalog_review,2026-07-17,Canonical network/namespace mapping reviewed
81,cex_por_workbook:KuCoin,Manta,63,66,1,wallet_address,,,approved,sha256:c19fe777e29dd0d6434d7e9f08aa36fca0d1e89ed89c293accd55b4f8b987594#sheet=KuCoin&distinct_chain=Manta&rows=5,13,catalog_review,2026-07-17,Canonical network/namespace mapping reviewed
82,cex_por_workbook:KuCoin,Merlin,64,67,1,wallet_address,,,approved,sha256:c19fe777e29dd0d6434d7e9f08aa36fca0d1e89ed89c293accd55b4f8b987594#sheet=KuCoin&distinct_chain=Merlin&rows=5,13,catalog_review,2026-07-17,Canonical network/namespace mapping reviewed
83,cex_por_workbook:KuCoin,Monad,82,85,1,wallet_address,,,approved,sha256:c19fe777e29dd0d6434d7e9f08aa36fca0d1e89ed89c293accd55b4f8b987594#sheet=KuCoin&distinct_chain=Monad&rows=5,13,catalog_review,2026-07-17,Canonical network/namespace mapping reviewed
84,cex_por_workbook:KuCoin,NEAR,39,37,60,wallet_address,,,approved,sha256:c19fe777e29dd0d6434d7e9f08aa36fca0d1e89ed89c293accd55b4f8b987594#sheet=KuCoin&distinct_chain=NEAR&rows=3,13,catalog_review,2026-07-17,Canonical network/namespace mapping reviewed
85,cex_por_workbook:KuCoin,Noble,37,35,40,wallet_address,,,approved,sha256:c19fe777e29dd0d6434d7e9f08aa36fca0d1e89ed89c293accd55b4f8b987594#sheet=KuCoin&distinct_chain=Noble&rows=2,13,catalog_review,2026-07-17,Canonical network/namespace mapping reviewed
86,cex_por_workbook:KuCoin,Optimism,6,8,1,wallet_address,,,approved,sha256:c19fe777e29dd0d6434d7e9f08aa36fca0d1e89ed89c293accd55b4f8b987594#sheet=KuCoin&distinct_chain=Optimism&rows=8,13,catalog_review,2026-07-17,Canonical network/namespace mapping reviewed
87,cex_por_workbook:KuCoin,Plasma,77,80,1,wallet_address,,,approved,sha256:c19fe777e29dd0d6434d7e9f08aa36fca0d1e89ed89c293accd55b4f8b987594#sheet=KuCoin&distinct_chain=Plasma&rows=6,13,catalog_review,2026-07-17,Canonical network/namespace mapping reviewed
88,cex_por_workbook:KuCoin,Polygon,3,5,1,wallet_address,,,approved,sha256:c19fe777e29dd0d6434d7e9f08aa36fca0d1e89ed89c293accd55b4f8b987594#sheet=KuCoin&distinct_chain=Polygon&rows=6,13,catalog_review,2026-07-17,Canonical network/namespace mapping reviewed
89,cex_por_workbook:KuCoin,Scroll,20,18,1,wallet_address,,,approved,sha256:c19fe777e29dd0d6434d7e9f08aa36fca0d1e89ed89c293accd55b4f8b987594#sheet=KuCoin&distinct_chain=Scroll&rows=3,13,catalog_review,2026-07-17,Canonical network/namespace mapping reviewed
90,cex_por_workbook:KuCoin,Solana,8,10,20,wallet_address,,,approved,sha256:c19fe777e29dd0d6434d7e9f08aa36fca0d1e89ed89c293accd55b4f8b987594#sheet=KuCoin&distinct_chain=Solana&rows=10,13,catalog_review,2026-07-17,Canonical network/namespace mapping reviewed
91,cex_por_workbook:KuCoin,Sonic,28,26,1,wallet_address,,,approved,sha256:c19fe777e29dd0d6434d7e9f08aa36fca0d1e89ed89c293accd55b4f8b987594#sheet=KuCoin&distinct_chain=Sonic&rows=7,13,catalog_review,2026-07-17,Canonical network/namespace mapping reviewed
92,cex_por_workbook:KuCoin,Starknet,48,46,95,wallet_address,,,approved,sha256:c19fe777e29dd0d6434d7e9f08aa36fca0d1e89ed89c293accd55b4f8b987594#sheet=KuCoin&distinct_chain=Starknet&rows=5,13,catalog_review,2026-07-17,Canonical network/namespace mapping reviewed
93,cex_por_workbook:KuCoin,Statemint,84,87,80,wallet_address,,,approved,sha256:c19fe777e29dd0d6434d7e9f08aa36fca0d1e89ed89c293accd55b4f8b987594#sheet=KuCoin&distinct_chain=Statemint&rows=4,13,catalog_review,2026-07-17,Canonical network/namespace mapping reviewed
94,cex_por_workbook:KuCoin,SUI,29,27,30,wallet_address,,,approved,sha256:c19fe777e29dd0d6434d7e9f08aa36fca0d1e89ed89c293accd55b4f8b987594#sheet=KuCoin&distinct_chain=SUI&rows=7,13,catalog_review,2026-07-17,Canonical network/namespace mapping reviewed
95,cex_por_workbook:KuCoin,Taiko,70,73,1,wallet_address,,,approved,sha256:c19fe777e29dd0d6434d7e9f08aa36fca0d1e89ed89c293accd55b4f8b987594#sheet=KuCoin&distinct_chain=Taiko&rows=5,13,catalog_review,2026-07-17,Canonical network/namespace mapping reviewed
96,cex_por_workbook:KuCoin,Tezos,46,44,93,wallet_address,,,approved,sha256:c19fe777e29dd0d6434d7e9f08aa36fca0d1e89ed89c293accd55b4f8b987594#sheet=KuCoin&distinct_chain=Tezos&rows=4,13,catalog_review,2026-07-17,Canonical network/namespace mapping reviewed
97,cex_por_workbook:KuCoin,TON,31,29,50,wallet_address,,,approved,sha256:c19fe777e29dd0d6434d7e9f08aa36fca0d1e89ed89c293accd55b4f8b987594#sheet=KuCoin&distinct_chain=TON&rows=26,13,catalog_review,2026-07-17,Canonical network/namespace mapping reviewed
98,cex_por_workbook:KuCoin,Tron,9,11,21,wallet_address,,,approved,sha256:c19fe777e29dd0d6434d7e9f08aa36fca0d1e89ed89c293accd55b4f8b987594#sheet=KuCoin&distinct_chain=Tron&rows=12,13,catalog_review,2026-07-17,Canonical network/namespace mapping reviewed
99,cex_por_workbook:KuCoin,XDC,74,77,1,wallet_address,,,approved,sha256:c19fe777e29dd0d6434d7e9f08aa36fca0d1e89ed89c293accd55b4f8b987594#sheet=KuCoin&distinct_chain=XDC&rows=4,13,catalog_review,2026-07-17,Canonical network/namespace mapping reviewed
100,cex_por_workbook:KuCoin,Zircuit,75,78,1,wallet_address,,,approved,sha256:c19fe777e29dd0d6434d7e9f08aa36fca0d1e89ed89c293accd55b4f8b987594#sheet=KuCoin&distinct_chain=Zircuit&rows=3,13,catalog_review,2026-07-17,Canonical network/namespace mapping reviewed
101,cex_por_workbook:KuCoin,ZKLink Nova,76,79,1,wallet_address,,,approved,sha256:c19fe777e29dd0d6434d7e9f08aa36fca0d1e89ed89c293accd55b4f8b987594#sheet=KuCoin&distinct_chain=ZKLink%20Nova&rows=3,13,catalog_review,2026-07-17,Canonical network/namespace mapping reviewed
102,cex_por_workbook:KuCoin,ZKSync Era,18,16,1,wallet_address,,,approved,sha256:c19fe777e29dd0d6434d7e9f08aa36fca0d1e89ed89c293accd55b4f8b987594#sheet=KuCoin&distinct_chain=ZKSync%20Era&rows=4,13,catalog_review,2026-07-17,Canonical network/namespace mapping reviewed
103,cex_por_workbook:Bitfinex,AION,107,110,117,wallet_address,,,unsupported,sha256:c19fe777e29dd0d6434d7e9f08aa36fca0d1e89ed89c293accd55b4f8b987594#sheet=Bitfinex&distinct_chain=AION&rows=1,13,catalog_review,2026-07-17,Recognized historical/unsupported source value
104,cex_por_workbook:Bitfinex,Algorand,45,43,92,wallet_address,,,approved,sha256:c19fe777e29dd0d6434d7e9f08aa36fca0d1e89ed89c293accd55b4f8b987594#sheet=Bitfinex&distinct_chain=Algorand&rows=2,13,catalog_review,2026-07-17,Canonical network/namespace mapping reviewed
105,cex_por_workbook:Bitfinex,Aptos,30,28,31,wallet_address,,,approved,sha256:c19fe777e29dd0d6434d7e9f08aa36fca0d1e89ed89c293accd55b4f8b987594#sheet=Bitfinex&distinct_chain=Aptos&rows=1,13,catalog_review,2026-07-17,Canonical network/namespace mapping reviewed
106,cex_por_workbook:Bitfinex,Atlas,8,10,20,wallet_address,ATLAS,SPL,not_a_network,sha256:c19fe777e29dd0d6434d7e9f08aa36fca0d1e89ed89c293accd55b4f8b987594#sheet=Bitfinex&distinct_chain=Atlas&rows=1,13,catalog_review,2026-07-17,Asset or token-standard expression retained as alias evidence only
107,cex_por_workbook:Bitfinex,ATLAS,8,10,20,wallet_address,ATLAS,SPL,not_a_network,sha256:c19fe777e29dd0d6434d7e9f08aa36fca0d1e89ed89c293accd55b4f8b987594#sheet=Bitfinex&distinct_chain=ATLAS&rows=1,13,catalog_review,2026-07-17,Asset or token-standard expression retained as alias evidence only
108,cex_por_workbook:Bitfinex,Avalanche,,,,wallet_address,,,pending_mapping,sha256:c19fe777e29dd0d6434d7e9f08aa36fca0d1e89ed89c293accd55b4f8b987594#sheet=Bitfinex&distinct_chain=Avalanche&rows=1,13,,,Requires manual mapping review
109,cex_por_workbook:Bitfinex,Avalanche (,,,,wallet_address,,,pending_mapping,sha256:c19fe777e29dd0d6434d7e9f08aa36fca0d1e89ed89c293accd55b4f8b987594#sheet=Bitfinex&distinct_chain=Avalanche%20(&rows=1,13,,,Requires manual mapping review
110,cex_por_workbook:Bitfinex,Avalanche (C-Chain),14,12,1,wallet_address,,,approved,sha256:c19fe777e29dd0d6434d7e9f08aa36fca0d1e89ed89c293accd55b4f8b987594#sheet=Bitfinex&distinct_chain=Avalanche%20(C-Chain)&rows=2,13,catalog_review,2026-07-17,Canonical network/namespace mapping reviewed
111,cex_por_workbook:Bitfinex,BCH,10,48,96,wallet_address,,,approved,sha256:c19fe777e29dd0d6434d7e9f08aa36fca0d1e89ed89c293accd55b4f8b987594#sheet=Bitfinex&distinct_chain=BCH&rows=1,13,catalog_review,2026-07-17,Canonical network/namespace mapping reviewed
112,cex_por_workbook:Bitfinex,Bitcoin Cash,10,48,96,wallet_address,,,approved,sha256:c19fe777e29dd0d6434d7e9f08aa36fca0d1e89ed89c293accd55b4f8b987594#sheet=Bitfinex&distinct_chain=Bitcoin%20Cash&rows=2,13,catalog_review,2026-07-17,Canonical network/namespace mapping reviewed
113,cex_por_workbook:Bitfinex,Bitcoin SV,49,52,97,wallet_address,,,approved,sha256:c19fe777e29dd0d6434d7e9f08aa36fca0d1e89ed89c293accd55b4f8b987594#sheet=Bitfinex&distinct_chain=Bitcoin%20SV&rows=2,13,catalog_review,2026-07-17,Canonical network/namespace mapping reviewed
114,cex_por_workbook:Bitfinex,Blockstream Mining Note (BMN),55,58,101,wallet_address,BMN,Liquid asset,not_a_network,sha256:c19fe777e29dd0d6434d7e9f08aa36fca0d1e89ed89c293accd55b4f8b987594#sheet=Bitfinex&distinct_chain=Blockstream%20Mining%20Note%20(BMN)&rows=1,13,catalog_review,2026-07-17,Asset or token-standard expression retained as alias evidence only
115,cex_por_workbook:Bitfinex,BTC,1,47,13,wallet_address,,,approved,sha256:c19fe777e29dd0d6434d7e9f08aa36fca0d1e89ed89c293accd55b4f8b987594#sheet=Bitfinex&distinct_chain=BTC&rows=3,13,catalog_review,2026-07-17,Canonical network/namespace mapping reviewed
116,cex_por_workbook:Bitfinex,Callisto,59,62,1,wallet_address,,,approved,sha256:c19fe777e29dd0d6434d7e9f08aa36fca0d1e89ed89c293accd55b4f8b987594#sheet=Bitfinex&distinct_chain=Callisto&rows=1,13,catalog_review,2026-07-17,Canonical network/namespace mapping reviewed
117,cex_por_workbook:Bitfinex,Cardano ADA,40,38,71,wallet_address,,,approved,sha256:c19fe777e29dd0d6434d7e9f08aa36fca0d1e89ed89c293accd55b4f8b987594#sheet=Bitfinex&distinct_chain=Cardano%20ADA&rows=2,13,catalog_review,2026-07-17,Canonical network/namespace mapping reviewed
118,cex_por_workbook:Bitfinex,Certik,111,114,40,wallet_address,,,approved,sha256:c19fe777e29dd0d6434d7e9f08aa36fca0d1e89ed89c293accd55b4f8b987594#sheet=Bitfinex&distinct_chain=Certik&rows=1,13,catalog_review,2026-07-17,Canonical network/namespace mapping reviewed
119,cex_por_workbook:Bitfinex,CLO,59,62,1,wallet_address,,,approved,sha256:c19fe777e29dd0d6434d7e9f08aa36fca0d1e89ed89c293accd55b4f8b987594#sheet=Bitfinex&distinct_chain=CLO&rows=1,13,catalog_review,2026-07-17,Canonical network/namespace mapping reviewed
120,cex_por_workbook:Bitfinex,Concordium,85,88,103,wallet_address,,,approved,sha256:c19fe777e29dd0d6434d7e9f08aa36fca0d1e89ed89c293accd55b4f8b987594#sheet=Bitfinex&distinct_chain=Concordium&rows=1,13,catalog_review,2026-07-17,Canonical network/namespace mapping reviewed
121,cex_por_workbook:Bitfinex,Cosmos,32,30,40,wallet_address,,,approved,sha256:c19fe777e29dd0d6434d7e9f08aa36fca0d1e89ed89c293accd55b4f8b987594#sheet=Bitfinex&distinct_chain=Cosmos&rows=2,13,catalog_review,2026-07-17,Canonical network/namespace mapping reviewed
122,cex_por_workbook:Bitfinex,Dash,51,54,97,wallet_address,,,approved,sha256:c19fe777e29dd0d6434d7e9f08aa36fca0d1e89ed89c293accd55b4f8b987594#sheet=Bitfinex&distinct_chain=Dash&rows=2,13,catalog_review,2026-07-17,Canonical network/namespace mapping reviewed
123,cex_por_workbook:Bitfinex,Decred,52,55,97,wallet_address,,,approved,sha256:c19fe777e29dd0d6434d7e9f08aa36fca0d1e89ed89c293accd55b4f8b987594#sheet=Bitfinex&distinct_chain=Decred&rows=1,13,catalog_review,2026-07-17,Canonical network/namespace mapping reviewed
124,cex_por_workbook:Bitfinex,Dfinity,86,89,104,wallet_address,,,approved,sha256:c19fe777e29dd0d6434d7e9f08aa36fca0d1e89ed89c293accd55b4f8b987594#sheet=Bitfinex&distinct_chain=Dfinity&rows=1,13,catalog_review,2026-07-17,Canonical network/namespace mapping reviewed
125,cex_por_workbook:Bitfinex,Digibyte,53,56,97,wallet_address,,,approved,sha256:c19fe777e29dd0d6434d7e9f08aa36fca0d1e89ed89c293accd55b4f8b987594#sheet=Bitfinex&distinct_chain=Digibyte&rows=2,13,catalog_review,2026-07-17,Canonical network/namespace mapping reviewed
126,cex_por_workbook:Bitfinex,Dogecoin,12,50,97,wallet_address,,,approved,sha256:c19fe777e29dd0d6434d7e9f08aa36fca0d1e89ed89c293accd55b4f8b987594#sheet=Bitfinex&distinct_chain=Dogecoin&rows=1,13,catalog_review,2026-07-17,Canonical network/namespace mapping reviewed
127,cex_por_workbook:Bitfinex,Elrond,87,90,105,wallet_address,,,approved,sha256:c19fe777e29dd0d6434d7e9f08aa36fca0d1e89ed89c293accd55b4f8b987594#sheet=Bitfinex&distinct_chain=Elrond&rows=1,13,catalog_review,2026-07-17,Canonical network/namespace mapping reviewed
128,cex_por_workbook:Bitfinex,EOS/EOS Tokens,101,104,112,wallet_address,,Antelope token,approved,sha256:c19fe777e29dd0d6434d7e9f08aa36fca0d1e89ed89c293accd55b4f8b987594#sheet=Bitfinex&distinct_chain=EOS%2FEOS%20Tokens&rows=9,13,catalog_review,2026-07-17,Canonical network/namespace mapping reviewed
129,cex_por_workbook:Bitfinex,ETH/ERC20,2,4,1,wallet_address,,ERC-20,approved,sha256:c19fe777e29dd0d6434d7e9f08aa36fca0d1e89ed89c293accd55b4f8b987594#sheet=Bitfinex&distinct_chain=ETH%2FERC20&rows=3,13,catalog_review,2026-07-17,Canonical network/namespace mapping reviewed
130,cex_por_workbook:Bitfinex,ETH/ERC20 (,,,,wallet_address,,,pending_mapping,sha256:c19fe777e29dd0d6434d7e9f08aa36fca0d1e89ed89c293accd55b4f8b987594#sheet=Bitfinex&distinct_chain=ETH%2FERC20%20(&rows=1,13,,,Requires manual mapping review
131,cex_por_workbook:Bitfinex,Ethereum Classic,57,60,1,wallet_address,,,approved,sha256:c19fe777e29dd0d6434d7e9f08aa36fca0d1e89ed89c293accd55b4f8b987594#sheet=Bitfinex&distinct_chain=Ethereum%20Classic&rows=2,13,catalog_review,2026-07-17,Canonical network/namespace mapping reviewed
132,cex_por_workbook:Bitfinex,ETP/MVS,103,106,115,wallet_address,,,approved,sha256:c19fe777e29dd0d6434d7e9f08aa36fca0d1e89ed89c293accd55b4f8b987594#sheet=Bitfinex&distinct_chain=ETP%2FMVS&rows=2,13,catalog_review,2026-07-17,Canonical network/namespace mapping reviewed
133,cex_por_workbook:Bitfinex,Fantom/Fantom tokens,16,14,1,wallet_address,,EVM token,approved,sha256:c19fe777e29dd0d6434d7e9f08aa36fca0d1e89ed89c293accd55b4f8b987594#sheet=Bitfinex&distinct_chain=Fantom%2FFantom%20tokens&rows=1,13,catalog_review,2026-07-17,Canonical network/namespace mapping reviewed
134,cex_por_workbook:Bitfinex,Filecoin,88,91,106,wallet_address,,,approved,sha256:c19fe777e29dd0d6434d7e9f08aa36fca0d1e89ed89c293accd55b4f8b987594#sheet=Bitfinex&distinct_chain=Filecoin&rows=1,13,catalog_review,2026-07-17,Canonical network/namespace mapping reviewed
135,cex_por_workbook:Bitfinex,GMT,8,10,20,wallet_address,GMT,SPL,not_a_network,sha256:c19fe777e29dd0d6434d7e9f08aa36fca0d1e89ed89c293accd55b4f8b987594#sheet=Bitfinex&distinct_chain=GMT&rows=1,13,catalog_review,2026-07-17,Asset or token-standard expression retained as alias evidence only
136,cex_por_workbook:Bitfinex,Green Satoshi Token (GST),8,10,20,wallet_address,GST,SPL,not_a_network,sha256:c19fe777e29dd0d6434d7e9f08aa36fca0d1e89ed89c293accd55b4f8b987594#sheet=Bitfinex&distinct_chain=Green%20Satoshi%20Token%20(GST)&rows=1,13,catalog_review,2026-07-17,Asset or token-standard expression retained as alias evidence only
137,cex_por_workbook:Bitfinex,GST,8,10,20,wallet_address,GST,SPL,not_a_network,sha256:c19fe777e29dd0d6434d7e9f08aa36fca0d1e89ed89c293accd55b4f8b987594#sheet=Bitfinex&distinct_chain=GST&rows=1,13,catalog_review,2026-07-17,Asset or token-standard expression retained as alias evidence only
138,cex_por_workbook:Bitfinex,IOTA,89,92,107,wallet_address,,,approved,sha256:c19fe777e29dd0d6434d7e9f08aa36fca0d1e89ed89c293accd55b4f8b987594#sheet=Bitfinex&distinct_chain=IOTA&rows=2,13,catalog_review,2026-07-17,Canonical network/namespace mapping reviewed
139,cex_por_workbook:Bitfinex,KAIhot,,,,wallet_address,,,pending_network,sha256:c19fe777e29dd0d6434d7e9f08aa36fca0d1e89ed89c293accd55b4f8b987594#sheet=Bitfinex&distinct_chain=KAIhot&rows=1,13,,,Requires manual mapping review
140,cex_por_workbook:Bitfinex,Kusama,42,40,80,wallet_address,,,approved,sha256:c19fe777e29dd0d6434d7e9f08aa36fca0d1e89ed89c293accd55b4f8b987594#sheet=Bitfinex&distinct_chain=Kusama&rows=2,13,catalog_review,2026-07-17,Canonical network/namespace mapping reviewed
141,cex_por_workbook:Bitfinex,L-BTC,55,58,101,wallet_address,,,approved,sha256:c19fe777e29dd0d6434d7e9f08aa36fca0d1e89ed89c293accd55b4f8b987594#sheet=Bitfinex&distinct_chain=L-BTC&rows=2,13,catalog_review,2026-07-17,Canonical network/namespace mapping reviewed
142,cex_por_workbook:Bitfinex,Litecoin,11,49,97,wallet_address,,,approved,sha256:c19fe777e29dd0d6434d7e9f08aa36fca0d1e89ed89c293accd55b4f8b987594#sheet=Bitfinex&distinct_chain=Litecoin&rows=1,13,catalog_review,2026-07-17,Canonical network/namespace mapping reviewed
143,cex_por_workbook:Bitfinex,LTC,11,49,97,wallet_address,,,approved,sha256:c19fe777e29dd0d6434d7e9f08aa36fca0d1e89ed89c293accd55b4f8b987594#sheet=Bitfinex&distinct_chain=LTC&rows=1,13,catalog_review,2026-07-17,Canonical network/namespace mapping reviewed
144,cex_por_workbook:Bitfinex,Luna,99,102,40,wallet_address,,,approved,sha256:c19fe777e29dd0d6434d7e9f08aa36fca0d1e89ed89c293accd55b4f8b987594#sheet=Bitfinex&distinct_chain=Luna&rows=2,13,catalog_review,2026-07-17,Canonical network/namespace mapping reviewed
145,cex_por_workbook:Bitfinex,LUNA,99,102,40,wallet_address,,,approved,sha256:c19fe777e29dd0d6434d7e9f08aa36fca0d1e89ed89c293accd55b4f8b987594#sheet=Bitfinex&distinct_chain=LUNA&rows=1,13,catalog_review,2026-07-17,Canonical network/namespace mapping reviewed
146,cex_por_workbook:Bitfinex,LUNA2,100,103,40,wallet_address,,,approved,sha256:c19fe777e29dd0d6434d7e9f08aa36fca0d1e89ed89c293accd55b4f8b987594#sheet=Bitfinex&distinct_chain=LUNA2&rows=1,13,catalog_review,2026-07-17,Canonical network/namespace mapping reviewed
147,cex_por_workbook:Bitfinex,Mobilecoin,102,105,114,wallet_address,,,approved,sha256:c19fe777e29dd0d6434d7e9f08aa36fca0d1e89ed89c293accd55b4f8b987594#sheet=Bitfinex&distinct_chain=Mobilecoin&rows=1,13,catalog_review,2026-07-17,Canonical network/namespace mapping reviewed
148,cex_por_workbook:Bitfinex,Monero XMR,54,57,100,wallet_address,,,approved,sha256:c19fe777e29dd0d6434d7e9f08aa36fca0d1e89ed89c293accd55b4f8b987594#sheet=Bitfinex&distinct_chain=Monero%20XMR&rows=2,13,catalog_review,2026-07-17,Canonical network/namespace mapping reviewed
149,cex_por_workbook:Bitfinex,Near,39,37,60,wallet_address,,,approved,sha256:c19fe777e29dd0d6434d7e9f08aa36fca0d1e89ed89c293accd55b4f8b987594#sheet=Bitfinex&distinct_chain=Near&rows=1,13,catalog_review,2026-07-17,Canonical network/namespace mapping reviewed
150,cex_por_workbook:Bitfinex,NEO,90,93,108,wallet_address,,,approved,sha256:c19fe777e29dd0d6434d7e9f08aa36fca0d1e89ed89c293accd55b4f8b987594#sheet=Bitfinex&distinct_chain=NEO&rows=1,13,catalog_review,2026-07-17,Canonical network/namespace mapping reviewed
151,cex_por_workbook:Bitfinex,Neo/Neogas,90,93,108,wallet_address,"NEO,GAS",NEP-17,not_a_network,sha256:c19fe777e29dd0d6434d7e9f08aa36fca0d1e89ed89c293accd55b4f8b987594#sheet=Bitfinex&distinct_chain=Neo%2FNeogas&rows=1,13,catalog_review,2026-07-17,Asset or token-standard expression retained as alias evidence only
152,cex_por_workbook:Bitfinex,Oasis rose,91,94,109,wallet_address,,,approved,sha256:c19fe777e29dd0d6434d7e9f08aa36fca0d1e89ed89c293accd55b4f8b987594#sheet=Bitfinex&distinct_chain=Oasis%20rose&rows=1,13,catalog_review,2026-07-17,Canonical network/namespace mapping reviewed
153,cex_por_workbook:Bitfinex,Omni,1,47,13,wallet_address,,Omni,not_a_network,sha256:c19fe777e29dd0d6434d7e9f08aa36fca0d1e89ed89c293accd55b4f8b987594#sheet=Bitfinex&distinct_chain=Omni&rows=1,13,catalog_review,2026-07-17,Asset or token-standard expression retained as alias evidence only
154,cex_por_workbook:Bitfinex,Omni (Omni protocol),1,47,13,wallet_address,,Omni,not_a_network,sha256:c19fe777e29dd0d6434d7e9f08aa36fca0d1e89ed89c293accd55b4f8b987594#sheet=Bitfinex&distinct_chain=Omni%20(Omni%20protocol)&rows=1,13,catalog_review,2026-07-17,Asset or token-standard expression retained as alias evidence only
155,cex_por_workbook:Bitfinex,OXY,8,10,20,wallet_address,OXY,SPL,not_a_network,sha256:c19fe777e29dd0d6434d7e9f08aa36fca0d1e89ed89c293accd55b4f8b987594#sheet=Bitfinex&distinct_chain=OXY&rows=1,13,catalog_review,2026-07-17,Asset or token-standard expression retained as alias evidence only
156,cex_por_workbook:Bitfinex,Oxygen (OXY),8,10,20,wallet_address,OXY,SPL,not_a_network,sha256:c19fe777e29dd0d6434d7e9f08aa36fca0d1e89ed89c293accd55b4f8b987594#sheet=Bitfinex&distinct_chain=Oxygen%20(OXY)&rows=1,13,catalog_review,2026-07-17,Asset or token-standard expression retained as alias evidence only
157,cex_por_workbook:Bitfinex,Planets,45,43,92,wallet_address,PLANETS,Algorand ASA,not_a_network,sha256:c19fe777e29dd0d6434d7e9f08aa36fca0d1e89ed89c293accd55b4f8b987594#sheet=Bitfinex&distinct_chain=Planets&rows=1,13,catalog_review,2026-07-17,Asset or token-standard expression retained as alias evidence only
158,cex_por_workbook:Bitfinex,Polis,106,109,97,wallet_address,,,approved,sha256:c19fe777e29dd0d6434d7e9f08aa36fca0d1e89ed89c293accd55b4f8b987594#sheet=Bitfinex&distinct_chain=Polis&rows=1,13,catalog_review,2026-07-17,Canonical network/namespace mapping reviewed
159,cex_por_workbook:Bitfinex,POLIS,106,109,97,wallet_address,,,approved,sha256:c19fe777e29dd0d6434d7e9f08aa36fca0d1e89ed89c293accd55b4f8b987594#sheet=Bitfinex&distinct_chain=POLIS&rows=1,13,catalog_review,2026-07-17,Canonical network/namespace mapping reviewed
160,cex_por_workbook:Bitfinex,Polkadot,41,39,80,wallet_address,,,approved,sha256:c19fe777e29dd0d6434d7e9f08aa36fca0d1e89ed89c293accd55b4f8b987594#sheet=Bitfinex&distinct_chain=Polkadot&rows=2,13,catalog_review,2026-07-17,Canonical network/namespace mapping reviewed
161,cex_por_workbook:Bitfinex,Polygon,3,5,1,wallet_address,,,approved,sha256:c19fe777e29dd0d6434d7e9f08aa36fca0d1e89ed89c293accd55b4f8b987594#sheet=Bitfinex&distinct_chain=Polygon&rows=2,13,catalog_review,2026-07-17,Canonical network/namespace mapping reviewed
162,cex_por_workbook:Bitfinex,Polygon (,,,,wallet_address,,,pending_mapping,sha256:c19fe777e29dd0d6434d7e9f08aa36fca0d1e89ed89c293accd55b4f8b987594#sheet=Bitfinex&distinct_chain=Polygon%20(&rows=1,13,,,Requires manual mapping review
163,cex_por_workbook:Bitfinex,RADIX (XRD),92,95,110,wallet_address,,,approved,sha256:c19fe777e29dd0d6434d7e9f08aa36fca0d1e89ed89c293accd55b4f8b987594#sheet=Bitfinex&distinct_chain=RADIX%20(XRD)&rows=1,13,catalog_review,2026-07-17,Canonical network/namespace mapping reviewed
164,cex_por_workbook:Bitfinex,RBTC,56,59,1,wallet_address,,,approved,sha256:c19fe777e29dd0d6434d7e9f08aa36fca0d1e89ed89c293accd55b4f8b987594#sheet=Bitfinex&distinct_chain=RBTC&rows=1,13,catalog_review,2026-07-17,Canonical network/namespace mapping reviewed
165,cex_por_workbook:Bitfinex,RBTC and RSK tokens (RIF),56,59,1,wallet_address,"RBTC,RIF",ERC-20,approved,sha256:c19fe777e29dd0d6434d7e9f08aa36fca0d1e89ed89c293accd55b4f8b987594#sheet=Bitfinex&distinct_chain=RBTC%20and%20RSK%20tokens%20(RIF)&rows=1,13,catalog_review,2026-07-17,Canonical network/namespace mapping reviewed
166,cex_por_workbook:Bitfinex,Reef,93,96,80,wallet_address,,,approved,sha256:c19fe777e29dd0d6434d7e9f08aa36fca0d1e89ed89c293accd55b4f8b987594#sheet=Bitfinex&distinct_chain=Reef&rows=1,13,catalog_review,2026-07-17,Canonical network/namespace mapping reviewed
167,cex_por_workbook:Bitfinex,Ripple XRP,43,41,90,wallet_address,,,approved,sha256:c19fe777e29dd0d6434d7e9f08aa36fca0d1e89ed89c293accd55b4f8b987594#sheet=Bitfinex&distinct_chain=Ripple%20XRP&rows=2,13,catalog_review,2026-07-17,Canonical network/namespace mapping reviewed
168,cex_por_workbook:Bitfinex,Serum,8,10,20,wallet_address,SRM,SPL,not_a_network,sha256:c19fe777e29dd0d6434d7e9f08aa36fca0d1e89ed89c293accd55b4f8b987594#sheet=Bitfinex&distinct_chain=Serum&rows=1,13,catalog_review,2026-07-17,Asset or token-standard expression retained as alias evidence only
169,cex_por_workbook:Bitfinex,SMR,114,117,107,wallet_address,,,approved,sha256:c19fe777e29dd0d6434d7e9f08aa36fca0d1e89ed89c293accd55b4f8b987594#sheet=Bitfinex&distinct_chain=SMR&rows=2,13,catalog_review,2026-07-17,Canonical network/namespace mapping reviewed
170,cex_por_workbook:Bitfinex,Solana,8,10,20,wallet_address,,,approved,sha256:c19fe777e29dd0d6434d7e9f08aa36fca0d1e89ed89c293accd55b4f8b987594#sheet=Bitfinex&distinct_chain=Solana&rows=2,13,catalog_review,2026-07-17,Canonical network/namespace mapping reviewed
171,cex_por_workbook:Bitfinex,Songbird,69,72,1,wallet_address,,,approved,sha256:c19fe777e29dd0d6434d7e9f08aa36fca0d1e89ed89c293accd55b4f8b987594#sheet=Bitfinex&distinct_chain=Songbird&rows=1,13,catalog_review,2026-07-17,Canonical network/namespace mapping reviewed
172,cex_por_workbook:Bitfinex,Stellar (XLM) and VELO,44,42,91,wallet_address,"XLM,VELO",Stellar asset,not_a_network,sha256:c19fe777e29dd0d6434d7e9f08aa36fca0d1e89ed89c293accd55b4f8b987594#sheet=Bitfinex&distinct_chain=Stellar%20(XLM)%20and%20VELO&rows=1,13,catalog_review,2026-07-17,Asset or token-standard expression retained as alias evidence only
173,cex_por_workbook:Bitfinex,Stepn (GMT),8,10,20,wallet_address,GMT,SPL,not_a_network,sha256:c19fe777e29dd0d6434d7e9f08aa36fca0d1e89ed89c293accd55b4f8b987594#sheet=Bitfinex&distinct_chain=Stepn%20(GMT)&rows=1,13,catalog_review,2026-07-17,Asset or token-standard expression retained as alias evidence only
174,cex_por_workbook:Bitfinex,Telos,71,74,1,wallet_address,,,approved,sha256:c19fe777e29dd0d6434d7e9f08aa36fca0d1e89ed89c293accd55b4f8b987594#sheet=Bitfinex&distinct_chain=Telos&rows=1,13,catalog_review,2026-07-17,Canonical network/namespace mapping reviewed
175,cex_por_workbook:Bitfinex,Tether USDt (Algorand),45,43,92,wallet_address,USDT,Algorand ASA,not_a_network,sha256:c19fe777e29dd0d6434d7e9f08aa36fca0d1e89ed89c293accd55b4f8b987594#sheet=Bitfinex&distinct_chain=Tether%20USDt%20(Algorand)&rows=1,13,catalog_review,2026-07-17,Asset or token-standard expression retained as alias evidence only
176,cex_por_workbook:Bitfinex,Tether USDt (BCH-SLP),10,48,96,wallet_address,USDT,SLP,not_a_network,sha256:c19fe777e29dd0d6434d7e9f08aa36fca0d1e89ed89c293accd55b4f8b987594#sheet=Bitfinex&distinct_chain=Tether%20USDt%20(BCH-SLP)&rows=1,13,catalog_review,2026-07-17,Asset or token-standard expression retained as alias evidence only
177,cex_por_workbook:Bitfinex,Tether USDt (Kusama),42,40,80,wallet_address,USDT,Substrate asset,not_a_network,sha256:c19fe777e29dd0d6434d7e9f08aa36fca0d1e89ed89c293accd55b4f8b987594#sheet=Bitfinex&distinct_chain=Tether%20USDt%20(Kusama)&rows=1,13,catalog_review,2026-07-17,Asset or token-standard expression retained as alias evidence only
178,cex_por_workbook:Bitfinex,Tether USDt (Near),39,37,60,wallet_address,USDT,NEP-141,not_a_network,sha256:c19fe777e29dd0d6434d7e9f08aa36fca0d1e89ed89c293accd55b4f8b987594#sheet=Bitfinex&distinct_chain=Tether%20USDt%20(Near)&rows=1,13,catalog_review,2026-07-17,Asset or token-standard expression retained as alias evidence only
179,cex_por_workbook:Bitfinex,Tether USDt (Omni Protocol),1,47,13,wallet_address,USDT,Omni,not_a_network,sha256:c19fe777e29dd0d6434d7e9f08aa36fca0d1e89ed89c293accd55b4f8b987594#sheet=Bitfinex&distinct_chain=Tether%20USDt%20(Omni%20Protocol)&rows=1,13,catalog_review,2026-07-17,Asset or token-standard expression retained as alias evidence only
180,cex_por_workbook:Bitfinex,Tether USDt (Polkadot),41,39,80,wallet_address,USDT,Substrate asset,not_a_network,sha256:c19fe777e29dd0d6434d7e9f08aa36fca0d1e89ed89c293accd55b4f8b987594#sheet=Bitfinex&distinct_chain=Tether%20USDt%20(Polkadot)&rows=1,13,catalog_review,2026-07-17,Asset or token-standard expression retained as alias evidence only
181,cex_por_workbook:Bitfinex,Tether USDt (Polygon),3,5,1,wallet_address,USDT,ERC-20,not_a_network,sha256:c19fe777e29dd0d6434d7e9f08aa36fca0d1e89ed89c293accd55b4f8b987594#sheet=Bitfinex&distinct_chain=Tether%20USDt%20(Polygon)&rows=1,13,catalog_review,2026-07-17,Asset or token-standard expression retained as alias evidence only
182,cex_por_workbook:Bitfinex,Tether USDt (Solana),8,10,20,wallet_address,USDT,SPL,not_a_network,sha256:c19fe777e29dd0d6434d7e9f08aa36fca0d1e89ed89c293accd55b4f8b987594#sheet=Bitfinex&distinct_chain=Tether%20USDt%20(Solana)&rows=2,13,catalog_review,2026-07-17,Asset or token-standard expression retained as alias evidence only
183,cex_por_workbook:Bitfinex,Tether USDt (Tezos),46,44,93,wallet_address,USDT,FA2,not_a_network,sha256:c19fe777e29dd0d6434d7e9f08aa36fca0d1e89ed89c293accd55b4f8b987594#sheet=Bitfinex&distinct_chain=Tether%20USDt%20(Tezos)&rows=1,13,catalog_review,2026-07-17,Asset or token-standard expression retained as alias evidence only
184,cex_por_workbook:Bitfinex,Tezos (XTZ),46,44,93,wallet_address,,,approved,sha256:c19fe777e29dd0d6434d7e9f08aa36fca0d1e89ed89c293accd55b4f8b987594#sheet=Bitfinex&distinct_chain=Tezos%20(XTZ)&rows=2,13,catalog_review,2026-07-17,Canonical network/namespace mapping reviewed
185,cex_por_workbook:Bitfinex,Theta,94,97,1,wallet_address,,,approved,sha256:c19fe777e29dd0d6434d7e9f08aa36fca0d1e89ed89c293accd55b4f8b987594#sheet=Bitfinex&distinct_chain=Theta&rows=1,13,catalog_review,2026-07-17,Canonical network/namespace mapping reviewed
186,cex_por_workbook:Bitfinex,Tron TRX/TRC10/TRC20,9,11,21,wallet_address,,"TRC-10,TRC-20",approved,sha256:c19fe777e29dd0d6434d7e9f08aa36fca0d1e89ed89c293accd55b4f8b987594#sheet=Bitfinex&distinct_chain=Tron%20TRX%2FTRC10%2FTRC20&rows=2,13,catalog_review,2026-07-17,Canonical network/namespace mapping reviewed
187,cex_por_workbook:Bitfinex,V-Systems,104,107,116,wallet_address,,,approved,sha256:c19fe777e29dd0d6434d7e9f08aa36fca0d1e89ed89c293accd55b4f8b987594#sheet=Bitfinex&distinct_chain=V-Systems&rows=1,13,catalog_review,2026-07-17,Canonical network/namespace mapping reviewed
188,cex_por_workbook:Bitfinex,Vechain,95,98,1,wallet_address,,,approved,sha256:c19fe777e29dd0d6434d7e9f08aa36fca0d1e89ed89c293accd55b4f8b987594#sheet=Bitfinex&distinct_chain=Vechain&rows=1,13,catalog_review,2026-07-17,Canonical network/namespace mapping reviewed
189,cex_por_workbook:Bitfinex,VeChain,95,98,1,wallet_address,,,approved,sha256:c19fe777e29dd0d6434d7e9f08aa36fca0d1e89ed89c293accd55b4f8b987594#sheet=Bitfinex&distinct_chain=VeChain&rows=1,13,catalog_review,2026-07-17,Canonical network/namespace mapping reviewed
190,cex_por_workbook:Bitfinex,Verge,105,108,97,wallet_address,,,approved,sha256:c19fe777e29dd0d6434d7e9f08aa36fca0d1e89ed89c293accd55b4f8b987594#sheet=Bitfinex&distinct_chain=Verge&rows=1,13,catalog_review,2026-07-17,Canonical network/namespace mapping reviewed
191,cex_por_workbook:Bitfinex,WAVES (WAVES),96,99,111,wallet_address,,,approved,sha256:c19fe777e29dd0d6434d7e9f08aa36fca0d1e89ed89c293accd55b4f8b987594#sheet=Bitfinex&distinct_chain=WAVES%20(WAVES)&rows=1,13,catalog_review,2026-07-17,Canonical network/namespace mapping reviewed
192,cex_por_workbook:Bitfinex,WAX,97,100,112,wallet_address,,,approved,sha256:c19fe777e29dd0d6434d7e9f08aa36fca0d1e89ed89c293accd55b4f8b987594#sheet=Bitfinex&distinct_chain=WAX&rows=1,13,catalog_review,2026-07-17,Canonical network/namespace mapping reviewed
193,cex_por_workbook:Bitfinex,XEC,50,53,96,wallet_address,,,approved,sha256:c19fe777e29dd0d6434d7e9f08aa36fca0d1e89ed89c293accd55b4f8b987594#sheet=Bitfinex&distinct_chain=XEC&rows=1,13,catalog_review,2026-07-17,Canonical network/namespace mapping reviewed
194,cex_por_workbook:Bitfinex,XinFin (XDC),74,77,1,wallet_address,,,approved,sha256:c19fe777e29dd0d6434d7e9f08aa36fca0d1e89ed89c293accd55b4f8b987594#sheet=Bitfinex&distinct_chain=XinFin%20(XDC)&rows=1,13,catalog_review,2026-07-17,Canonical network/namespace mapping reviewed
195,cex_por_workbook:Bitfinex,XLM,44,42,91,wallet_address,,,approved,sha256:c19fe777e29dd0d6434d7e9f08aa36fca0d1e89ed89c293accd55b4f8b987594#sheet=Bitfinex&distinct_chain=XLM&rows=1,13,catalog_review,2026-07-17,Canonical network/namespace mapping reviewed
196,cex_por_workbook:Bitfinex,XNS,,,,wallet_address,,,pending_network,sha256:c19fe777e29dd0d6434d7e9f08aa36fca0d1e89ed89c293accd55b4f8b987594#sheet=Bitfinex&distinct_chain=XNS&rows=1,13,,,Requires manual mapping review
197,cex_por_workbook:Bitfinex,YOYOW (YYW),,,,wallet_address,,,unsupported,sha256:c19fe777e29dd0d6434d7e9f08aa36fca0d1e89ed89c293accd55b4f8b987594#sheet=Bitfinex&distinct_chain=YOYOW%20(YYW)&rows=1,13,catalog_review,2026-07-17,Recognized historical/unsupported source value
198,cex_por_workbook:Bitfinex,Zcash,13,51,99,wallet_address,,,approved,sha256:c19fe777e29dd0d6434d7e9f08aa36fca0d1e89ed89c293accd55b4f8b987594#sheet=Bitfinex&distinct_chain=Zcash&rows=2,13,catalog_review,2026-07-17,Canonical network/namespace mapping reviewed
199,cex_por_workbook:Bitfinex,Ziliqa (ZIL),98,101,113,wallet_address,,,approved,sha256:c19fe777e29dd0d6434d7e9f08aa36fca0d1e89ed89c293accd55b4f8b987594#sheet=Bitfinex&distinct_chain=Ziliqa%20(ZIL)&rows=1,13,catalog_review,2026-07-17,Canonical network/namespace mapping reviewed
200,cex_por_workbook:Bitfinex,Zilliqa,98,101,113,wallet_address,,,approved,sha256:c19fe777e29dd0d6434d7e9f08aa36fca0d1e89ed89c293accd55b4f8b987594#sheet=Bitfinex&distinct_chain=Zilliqa&rows=2,13,catalog_review,2026-07-17,Canonical network/namespace mapping reviewed
201,cex_por_workbook:Firi,avalanche,,,,wallet_address,,,pending_mapping,sha256:c19fe777e29dd0d6434d7e9f08aa36fca0d1e89ed89c293accd55b4f8b987594#sheet=Firi&distinct_chain=avalanche&rows=2,13,,,Requires manual mapping review
202,cex_por_workbook:Firi,bitcoin,1,47,13,wallet_address,,,approved,sha256:c19fe777e29dd0d6434d7e9f08aa36fca0d1e89ed89c293accd55b4f8b987594#sheet=Firi&distinct_chain=bitcoin&rows=6,13,catalog_review,2026-07-17,Canonical network/namespace mapping reviewed
203,cex_por_workbook:Firi,bsc,7,9,1,wallet_address,,,approved,sha256:c19fe777e29dd0d6434d7e9f08aa36fca0d1e89ed89c293accd55b4f8b987594#sheet=Firi&distinct_chain=bsc&rows=2,13,catalog_review,2026-07-17,Canonical network/namespace mapping reviewed
204,cex_por_workbook:Firi,cardnano,,,,wallet_address,,,pending_mapping,sha256:c19fe777e29dd0d6434d7e9f08aa36fca0d1e89ed89c293accd55b4f8b987594#sheet=Firi&distinct_chain=cardnano&rows=2,13,,,Requires manual mapping review
205,cex_por_workbook:Firi,ethereum,2,4,1,wallet_address,,,approved,sha256:c19fe777e29dd0d6434d7e9f08aa36fca0d1e89ed89c293accd55b4f8b987594#sheet=Firi&distinct_chain=ethereum&rows=2,13,catalog_review,2026-07-17,Canonical network/namespace mapping reviewed
206,cex_por_workbook:Firi,litecoin,11,49,97,wallet_address,,,approved,sha256:c19fe777e29dd0d6434d7e9f08aa36fca0d1e89ed89c293accd55b4f8b987594#sheet=Firi&distinct_chain=litecoin&rows=1,13,catalog_review,2026-07-17,Canonical network/namespace mapping reviewed
207,cex_por_workbook:Firi,polkadot,41,39,80,wallet_address,,,approved,sha256:c19fe777e29dd0d6434d7e9f08aa36fca0d1e89ed89c293accd55b4f8b987594#sheet=Firi&distinct_chain=polkadot&rows=2,13,catalog_review,2026-07-17,Canonical network/namespace mapping reviewed
208,cex_por_workbook:Firi,polygon,3,5,1,wallet_address,,,approved,sha256:c19fe777e29dd0d6434d7e9f08aa36fca0d1e89ed89c293accd55b4f8b987594#sheet=Firi&distinct_chain=polygon&rows=2,13,catalog_review,2026-07-17,Canonical network/namespace mapping reviewed
209,cex_por_workbook:Firi,solana,8,10,20,wallet_address,,,approved,sha256:c19fe777e29dd0d6434d7e9f08aa36fca0d1e89ed89c293accd55b4f8b987594#sheet=Firi&distinct_chain=solana&rows=2,13,catalog_review,2026-07-17,Canonical network/namespace mapping reviewed
210,cex_por_workbook:Firi,stellar,44,42,91,wallet_address,,,approved,sha256:c19fe777e29dd0d6434d7e9f08aa36fca0d1e89ed89c293accd55b4f8b987594#sheet=Firi&distinct_chain=stellar&rows=2,13,catalog_review,2026-07-17,Canonical network/namespace mapping reviewed
211,cex_por_workbook:BitMEX,ada,40,38,71,wallet_address,,,approved,sha256:c19fe777e29dd0d6434d7e9f08aa36fca0d1e89ed89c293accd55b4f8b987594#sheet=BitMEX&distinct_chain=ada&rows=3,13,catalog_review,2026-07-17,Canonical network/namespace mapping reviewed
212,cex_por_workbook:BitMEX,avax,14,12,1,wallet_address,,,approved,sha256:c19fe777e29dd0d6434d7e9f08aa36fca0d1e89ed89c293accd55b4f8b987594#sheet=BitMEX&distinct_chain=avax&rows=1,13,catalog_review,2026-07-17,Canonical network/namespace mapping reviewed
213,cex_por_workbook:BitMEX,bch,10,48,96,wallet_address,,,approved,sha256:c19fe777e29dd0d6434d7e9f08aa36fca0d1e89ed89c293accd55b4f8b987594#sheet=BitMEX&distinct_chain=bch&rows=2,13,catalog_review,2026-07-17,Canonical network/namespace mapping reviewed
214,cex_por_workbook:BitMEX,bsc,7,9,1,wallet_address,,,approved,sha256:c19fe777e29dd0d6434d7e9f08aa36fca0d1e89ed89c293accd55b4f8b987594#sheet=BitMEX&distinct_chain=bsc&rows=2,13,catalog_review,2026-07-17,Canonical network/namespace mapping reviewed
215,cex_por_workbook:BitMEX,cosmos,32,30,40,wallet_address,,,approved,sha256:c19fe777e29dd0d6434d7e9f08aa36fca0d1e89ed89c293accd55b4f8b987594#sheet=BitMEX&distinct_chain=cosmos&rows=1,13,catalog_review,2026-07-17,Canonical network/namespace mapping reviewed
216,cex_por_workbook:BitMEX,doge,12,50,97,wallet_address,,,approved,sha256:c19fe777e29dd0d6434d7e9f08aa36fca0d1e89ed89c293accd55b4f8b987594#sheet=BitMEX&distinct_chain=doge&rows=2,13,catalog_review,2026-07-17,Canonical network/namespace mapping reviewed
217,cex_por_workbook:BitMEX,dot,41,39,80,wallet_address,,,approved,sha256:c19fe777e29dd0d6434d7e9f08aa36fca0d1e89ed89c293accd55b4f8b987594#sheet=BitMEX&distinct_chain=dot&rows=1,13,catalog_review,2026-07-17,Canonical network/namespace mapping reviewed
218,cex_por_workbook:BitMEX,eth,2,4,1,wallet_address,,,approved,sha256:c19fe777e29dd0d6434d7e9f08aa36fca0d1e89ed89c293accd55b4f8b987594#sheet=BitMEX&distinct_chain=eth&rows=9,13,catalog_review,2026-07-17,Canonical network/namespace mapping reviewed
219,cex_por_workbook:BitMEX,ltc,11,49,97,wallet_address,,,approved,sha256:c19fe777e29dd0d6434d7e9f08aa36fca0d1e89ed89c293accd55b4f8b987594#sheet=BitMEX&distinct_chain=ltc&rows=2,13,catalog_review,2026-07-17,Canonical network/namespace mapping reviewed
220,cex_por_workbook:BitMEX,near,39,37,60,wallet_address,,,approved,sha256:c19fe777e29dd0d6434d7e9f08aa36fca0d1e89ed89c293accd55b4f8b987594#sheet=BitMEX&distinct_chain=near&rows=1,13,catalog_review,2026-07-17,Canonical network/namespace mapping reviewed
221,cex_por_workbook:BitMEX,sol,8,10,20,wallet_address,,,approved,sha256:c19fe777e29dd0d6434d7e9f08aa36fca0d1e89ed89c293accd55b4f8b987594#sheet=BitMEX&distinct_chain=sol&rows=8,13,catalog_review,2026-07-17,Canonical network/namespace mapping reviewed
222,cex_por_workbook:BitMEX,tron,9,11,21,wallet_address,,,approved,sha256:c19fe777e29dd0d6434d7e9f08aa36fca0d1e89ed89c293accd55b4f8b987594#sheet=BitMEX&distinct_chain=tron&rows=12,13,catalog_review,2026-07-17,Canonical network/namespace mapping reviewed
223,cex_por_workbook:BitMEX,xrp,43,41,90,wallet_address,,,approved,sha256:c19fe777e29dd0d6434d7e9f08aa36fca0d1e89ed89c293accd55b4f8b987594#sheet=BitMEX&distinct_chain=xrp&rows=3,13,catalog_review,2026-07-17,Canonical network/namespace mapping reviewed
224,cex_por_workbook:BitMEX,xtz,46,44,93,wallet_address,,,approved,sha256:c19fe777e29dd0d6434d7e9f08aa36fca0d1e89ed89c293accd55b4f8b987594#sheet=BitMEX&distinct_chain=xtz&rows=1,13,catalog_review,2026-07-17,Canonical network/namespace mapping reviewed
225,cex_por_workbook:OKX_Staking_Wallets,Ethereum / ETH Staking,2,4,1,wallet_address,,Ethereum staking,approved,sha256:c19fe777e29dd0d6434d7e9f08aa36fca0d1e89ed89c293accd55b4f8b987594#sheet=OKX_Staking_Wallets&distinct_chain=Ethereum%20%2F%20ETH%20Staking&rows=12,13,catalog_review,2026-07-17,Canonical network/namespace mapping reviewed
226,cex_por_workbook:Huobi_HTX,Avalanche C-Chain,14,12,1,wallet_address,,,approved,sha256:c19fe777e29dd0d6434d7e9f08aa36fca0d1e89ed89c293accd55b4f8b987594#sheet=Huobi_HTX&distinct_chain=Avalanche%20C-Chain&rows=1,13,catalog_review,2026-07-17,Canonical network/namespace mapping reviewed
227,cex_por_workbook:Huobi_HTX,Bitcoin,1,47,13,wallet_address,,,approved,sha256:c19fe777e29dd0d6434d7e9f08aa36fca0d1e89ed89c293accd55b4f8b987594#sheet=Huobi_HTX&distinct_chain=Bitcoin&rows=8,13,catalog_review,2026-07-17,Canonical network/namespace mapping reviewed
228,cex_por_workbook:Huobi_HTX,BNB Smart Chain / BEP20,7,9,1,wallet_address,,BEP-20,approved,sha256:c19fe777e29dd0d6434d7e9f08aa36fca0d1e89ed89c293accd55b4f8b987594#sheet=Huobi_HTX&distinct_chain=BNB%20Smart%20Chain%20%2F%20BEP20&rows=3,13,catalog_review,2026-07-17,Canonical network/namespace mapping reviewed
229,cex_por_workbook:Huobi_HTX,Dogecoin,12,50,97,wallet_address,,,approved,sha256:c19fe777e29dd0d6434d7e9f08aa36fca0d1e89ed89c293accd55b4f8b987594#sheet=Huobi_HTX&distinct_chain=Dogecoin&rows=21,13,catalog_review,2026-07-17,Canonical network/namespace mapping reviewed
230,cex_por_workbook:Huobi_HTX,Ethereum / EVM,2,4,1,wallet_address,,,approved,sha256:c19fe777e29dd0d6434d7e9f08aa36fca0d1e89ed89c293accd55b4f8b987594#sheet=Huobi_HTX&distinct_chain=Ethereum%20%2F%20EVM&rows=10,13,catalog_review,2026-07-17,Canonical network/namespace mapping reviewed
231,cex_por_workbook:Huobi_HTX,Solana,8,10,20,wallet_address,,,approved,sha256:c19fe777e29dd0d6434d7e9f08aa36fca0d1e89ed89c293accd55b4f8b987594#sheet=Huobi_HTX&distinct_chain=Solana&rows=4,13,catalog_review,2026-07-17,Canonical network/namespace mapping reviewed
232,cex_por_workbook:Huobi_HTX,TRON / TRC20,9,11,21,wallet_address,,TRC-20,approved,sha256:c19fe777e29dd0d6434d7e9f08aa36fca0d1e89ed89c293accd55b4f8b987594#sheet=Huobi_HTX&distinct_chain=TRON%20%2F%20TRC20&rows=14,13,catalog_review,2026-07-17,Canonical network/namespace mapping reviewed
233,cex_por_workbook:Huobi_HTX,XRP Ledger,43,41,90,wallet_address,,,approved,sha256:c19fe777e29dd0d6434d7e9f08aa36fca0d1e89ed89c293accd55b4f8b987594#sheet=Huobi_HTX&distinct_chain=XRP%20Ledger&rows=3,13,catalog_review,2026-07-17,Canonical network/namespace mapping reviewed
234,cex_por_workbook:OKX_Staking_Validators,Ethereum / ETH Staking,2,132,125,validator_public_key,,,approved,sha256:c19fe777e29dd0d6434d7e9f08aa36fca0d1e89ed89c293accd55b4f8b987594#sheet=OKX_Staking_Validators&distinct_chain=Ethereum%20%2F%20ETH%20Staking&rows=10572,13,catalog_review,2026-07-17,Canonical network/namespace mapping reviewed
235,cex_por_workbook:Deribit,Bitcoin,1,47,13,wallet_address,,,approved,sha256:c19fe777e29dd0d6434d7e9f08aa36fca0d1e89ed89c293accd55b4f8b987594#sheet=Deribit&distinct_chain=Bitcoin&rows=9,13,catalog_review,2026-07-17,Canonical network/namespace mapping reviewed
236,cex_por_workbook:Deribit,BNB Chain,7,9,1,wallet_address,,,approved,sha256:c19fe777e29dd0d6434d7e9f08aa36fca0d1e89ed89c293accd55b4f8b987594#sheet=Deribit&distinct_chain=BNB%20Chain&rows=6,13,catalog_review,2026-07-17,Canonical network/namespace mapping reviewed
237,cex_por_workbook:Deribit,Ethereum,2,4,1,wallet_address,,,approved,sha256:c19fe777e29dd0d6434d7e9f08aa36fca0d1e89ed89c293accd55b4f8b987594#sheet=Deribit&distinct_chain=Ethereum&rows=13,13,catalog_review,2026-07-17,Canonical network/namespace mapping reviewed
238,cex_por_workbook:Deribit,Solana,8,10,20,wallet_address,,,approved,sha256:c19fe777e29dd0d6434d7e9f08aa36fca0d1e89ed89c293accd55b4f8b987594#sheet=Deribit&distinct_chain=Solana&rows=7,13,catalog_review,2026-07-17,Canonical network/namespace mapping reviewed
239,cex_por_workbook:Deribit,XRP Ledger,43,41,90,wallet_address,,,approved,sha256:c19fe777e29dd0d6434d7e9f08aa36fca0d1e89ed89c293accd55b4f8b987594#sheet=Deribit&distinct_chain=XRP%20Ledger&rows=7,13,catalog_review,2026-07-17,Canonical network/namespace mapping reviewed
240,cex_por_workbook:CoinEx_Wallets,Arbitrum,5,7,1,wallet_address,,,approved,sha256:c19fe777e29dd0d6434d7e9f08aa36fca0d1e89ed89c293accd55b4f8b987594#sheet=CoinEx_Wallets&distinct_chain=Arbitrum&rows=11,13,catalog_review,2026-07-17,Canonical network/namespace mapping reviewed
241,cex_por_workbook:CoinEx_Wallets,Avalanche C-Chain,14,12,1,wallet_address,,,approved,sha256:c19fe777e29dd0d6434d7e9f08aa36fca0d1e89ed89c293accd55b4f8b987594#sheet=CoinEx_Wallets&distinct_chain=Avalanche%20C-Chain&rows=1,13,catalog_review,2026-07-17,Canonical network/namespace mapping reviewed
242,cex_por_workbook:CoinEx_Wallets,Base,4,6,1,wallet_address,,,approved,sha256:c19fe777e29dd0d6434d7e9f08aa36fca0d1e89ed89c293accd55b4f8b987594#sheet=CoinEx_Wallets&distinct_chain=Base&rows=2,13,catalog_review,2026-07-17,Canonical network/namespace mapping reviewed
243,cex_por_workbook:CoinEx_Wallets,Bitcoin,1,47,13,wallet_address,,,approved,sha256:c19fe777e29dd0d6434d7e9f08aa36fca0d1e89ed89c293accd55b4f8b987594#sheet=CoinEx_Wallets&distinct_chain=Bitcoin&rows=11,13,catalog_review,2026-07-17,Canonical network/namespace mapping reviewed
244,cex_por_workbook:CoinEx_Wallets,BNB Chain,7,9,1,wallet_address,,,approved,sha256:c19fe777e29dd0d6434d7e9f08aa36fca0d1e89ed89c293accd55b4f8b987594#sheet=CoinEx_Wallets&distinct_chain=BNB%20Chain&rows=2,13,catalog_review,2026-07-17,Canonical network/namespace mapping reviewed
245,cex_por_workbook:CoinEx_Wallets,CoinEx Smart Chain,60,63,1,wallet_address,,,approved,sha256:c19fe777e29dd0d6434d7e9f08aa36fca0d1e89ed89c293accd55b4f8b987594#sheet=CoinEx_Wallets&distinct_chain=CoinEx%20Smart%20Chain&rows=11,13,catalog_review,2026-07-17,Canonical network/namespace mapping reviewed
246,cex_por_workbook:CoinEx_Wallets,Dogecoin,12,50,97,wallet_address,,,approved,sha256:c19fe777e29dd0d6434d7e9f08aa36fca0d1e89ed89c293accd55b4f8b987594#sheet=CoinEx_Wallets&distinct_chain=Dogecoin&rows=11,13,catalog_review,2026-07-17,Canonical network/namespace mapping reviewed
247,cex_por_workbook:CoinEx_Wallets,Ethereum,2,4,1,wallet_address,,,approved,sha256:c19fe777e29dd0d6434d7e9f08aa36fca0d1e89ed89c293accd55b4f8b987594#sheet=CoinEx_Wallets&distinct_chain=Ethereum&rows=16,13,catalog_review,2026-07-17,Canonical network/namespace mapping reviewed
248,cex_por_workbook:CoinEx_Wallets,Plasma,77,80,1,wallet_address,,,approved,sha256:c19fe777e29dd0d6434d7e9f08aa36fca0d1e89ed89c293accd55b4f8b987594#sheet=CoinEx_Wallets&distinct_chain=Plasma&rows=1,13,catalog_review,2026-07-17,Canonical network/namespace mapping reviewed
249,cex_por_workbook:CoinEx_Wallets,Polkadot Asset Hub,84,87,80,wallet_address,,,approved,sha256:c19fe777e29dd0d6434d7e9f08aa36fca0d1e89ed89c293accd55b4f8b987594#sheet=CoinEx_Wallets&distinct_chain=Polkadot%20Asset%20Hub&rows=1,13,catalog_review,2026-07-17,Canonical network/namespace mapping reviewed
250,cex_por_workbook:CoinEx_Wallets,Polygon,3,5,1,wallet_address,,,approved,sha256:c19fe777e29dd0d6434d7e9f08aa36fca0d1e89ed89c293accd55b4f8b987594#sheet=CoinEx_Wallets&distinct_chain=Polygon&rows=1,13,catalog_review,2026-07-17,Canonical network/namespace mapping reviewed
251,cex_por_workbook:CoinEx_Wallets,Solana,8,10,20,wallet_address,,,approved,sha256:c19fe777e29dd0d6434d7e9f08aa36fca0d1e89ed89c293accd55b4f8b987594#sheet=CoinEx_Wallets&distinct_chain=Solana&rows=8,13,catalog_review,2026-07-17,Canonical network/namespace mapping reviewed
252,cex_por_workbook:CoinEx_Wallets,Stellar,44,42,91,wallet_address,,,approved,sha256:c19fe777e29dd0d6434d7e9f08aa36fca0d1e89ed89c293accd55b4f8b987594#sheet=CoinEx_Wallets&distinct_chain=Stellar&rows=1,13,catalog_review,2026-07-17,Canonical network/namespace mapping reviewed
253,cex_por_workbook:CoinEx_Wallets,TON,31,29,50,wallet_address,,,approved,sha256:c19fe777e29dd0d6434d7e9f08aa36fca0d1e89ed89c293accd55b4f8b987594#sheet=CoinEx_Wallets&distinct_chain=TON&rows=1,13,catalog_review,2026-07-17,Canonical network/namespace mapping reviewed
254,cex_por_workbook:CoinEx_Wallets,TRON,9,11,21,wallet_address,,,approved,sha256:c19fe777e29dd0d6434d7e9f08aa36fca0d1e89ed89c293accd55b4f8b987594#sheet=CoinEx_Wallets&distinct_chain=TRON&rows=11,13,catalog_review,2026-07-17,Canonical network/namespace mapping reviewed
255,cex_por_workbook:CoinEx_ETH_Staking,Ethereum / ETH Staking,2,132,125,validator_public_key,,,approved,sha256:c19fe777e29dd0d6434d7e9f08aa36fca0d1e89ed89c293accd55b4f8b987594#sheet=CoinEx_ETH_Staking&distinct_chain=Ethereum%20%2F%20ETH%20Staking&rows=311,13,catalog_review,2026-07-17,Canonical network/namespace mapping reviewed
256,cex_por_workbook:CoinEx_CET_Staking,CoinEx Smart Chain / CET Staking,60,63,1,staking_delegator_address,,CET staking,approved,sha256:c19fe777e29dd0d6434d7e9f08aa36fca0d1e89ed89c293accd55b4f8b987594#sheet=CoinEx_CET_Staking&distinct_chain=CoinEx%20Smart%20Chain%20%2F%20CET%20Staking&rows=353,13,catalog_review,2026-07-17,Canonical network/namespace mapping reviewed
257,cex_por_workbook:Binance_HotCold,ALGO,45,43,92,wallet_address,,,approved,sha256:c19fe777e29dd0d6434d7e9f08aa36fca0d1e89ed89c293accd55b4f8b987594#sheet=Binance_HotCold&distinct_chain=ALGO&rows=2,13,catalog_review,2026-07-17,Canonical network/namespace mapping reviewed
258,cex_por_workbook:Binance_HotCold,APT,30,28,31,wallet_address,,,approved,sha256:c19fe777e29dd0d6434d7e9f08aa36fca0d1e89ed89c293accd55b4f8b987594#sheet=Binance_HotCold&distinct_chain=APT&rows=13,13,catalog_review,2026-07-17,Canonical network/namespace mapping reviewed
259,cex_por_workbook:Binance_HotCold,ARBITRUM,5,7,1,wallet_address,,,approved,sha256:c19fe777e29dd0d6434d7e9f08aa36fca0d1e89ed89c293accd55b4f8b987594#sheet=Binance_HotCold&distinct_chain=ARBITRUM&rows=22,13,catalog_review,2026-07-17,Canonical network/namespace mapping reviewed
260,cex_por_workbook:Binance_HotCold,AVAXC,14,12,1,wallet_address,,,approved,sha256:c19fe777e29dd0d6434d7e9f08aa36fca0d1e89ed89c293accd55b4f8b987594#sheet=Binance_HotCold&distinct_chain=AVAXC&rows=16,13,catalog_review,2026-07-17,Canonical network/namespace mapping reviewed
261,cex_por_workbook:Binance_HotCold,BASE,4,6,1,wallet_address,,,approved,sha256:c19fe777e29dd0d6434d7e9f08aa36fca0d1e89ed89c293accd55b4f8b987594#sheet=Binance_HotCold&distinct_chain=BASE&rows=14,13,catalog_review,2026-07-17,Canonical network/namespace mapping reviewed
262,cex_por_workbook:Binance_HotCold,BCH,10,48,96,wallet_address,,,approved,sha256:c19fe777e29dd0d6434d7e9f08aa36fca0d1e89ed89c293accd55b4f8b987594#sheet=Binance_HotCold&distinct_chain=BCH&rows=23,13,catalog_review,2026-07-17,Canonical network/namespace mapping reviewed
263,cex_por_workbook:Binance_HotCold,BSC,7,9,1,wallet_address,,,approved,sha256:c19fe777e29dd0d6434d7e9f08aa36fca0d1e89ed89c293accd55b4f8b987594#sheet=Binance_HotCold&distinct_chain=BSC&rows=30,13,catalog_review,2026-07-17,Canonical network/namespace mapping reviewed
264,cex_por_workbook:Binance_HotCold,BTC,1,47,13,wallet_address,,,approved,sha256:c19fe777e29dd0d6434d7e9f08aa36fca0d1e89ed89c293accd55b4f8b987594#sheet=Binance_HotCold&distinct_chain=BTC&rows=57,13,catalog_review,2026-07-17,Canonical network/namespace mapping reviewed
265,cex_por_workbook:Binance_HotCold,CELO,23,21,1,wallet_address,,,approved,sha256:c19fe777e29dd0d6434d7e9f08aa36fca0d1e89ed89c293accd55b4f8b987594#sheet=Binance_HotCold&distinct_chain=CELO&rows=5,13,catalog_review,2026-07-17,Canonical network/namespace mapping reviewed
266,cex_por_workbook:Binance_HotCold,CHR,108,111,118,wallet_address,,,approved,sha256:c19fe777e29dd0d6434d7e9f08aa36fca0d1e89ed89c293accd55b4f8b987594#sheet=Binance_HotCold&distinct_chain=CHR&rows=1,13,catalog_review,2026-07-17,Canonical network/namespace mapping reviewed
267,cex_por_workbook:Binance_HotCold,CHZ2,109,112,1,wallet_address,,,approved,sha256:c19fe777e29dd0d6434d7e9f08aa36fca0d1e89ed89c293accd55b4f8b987594#sheet=Binance_HotCold&distinct_chain=CHZ2&rows=6,13,catalog_review,2026-07-17,Canonical network/namespace mapping reviewed
268,cex_por_workbook:Binance_HotCold,DOGE,12,50,97,wallet_address,,,approved,sha256:c19fe777e29dd0d6434d7e9f08aa36fca0d1e89ed89c293accd55b4f8b987594#sheet=Binance_HotCold&distinct_chain=DOGE&rows=37,13,catalog_review,2026-07-17,Canonical network/namespace mapping reviewed
269,cex_por_workbook:Binance_HotCold,DOT,41,39,80,wallet_address,,,approved,sha256:c19fe777e29dd0d6434d7e9f08aa36fca0d1e89ed89c293accd55b4f8b987594#sheet=Binance_HotCold&distinct_chain=DOT&rows=1,13,catalog_review,2026-07-17,Canonical network/namespace mapping reviewed
270,cex_por_workbook:Binance_HotCold,ENJ,110,113,80,wallet_address,,,approved,sha256:c19fe777e29dd0d6434d7e9f08aa36fca0d1e89ed89c293accd55b4f8b987594#sheet=Binance_HotCold&distinct_chain=ENJ&rows=3,13,catalog_review,2026-07-17,Canonical network/namespace mapping reviewed
271,cex_por_workbook:Binance_HotCold,ETH,2,4,1,wallet_address,,,approved,sha256:c19fe777e29dd0d6434d7e9f08aa36fca0d1e89ed89c293accd55b4f8b987594#sheet=Binance_HotCold&distinct_chain=ETH&rows=36,13,catalog_review,2026-07-17,Canonical network/namespace mapping reviewed
272,cex_por_workbook:Binance_HotCold,HBAR,47,45,94,wallet_address,,,approved,sha256:c19fe777e29dd0d6434d7e9f08aa36fca0d1e89ed89c293accd55b4f8b987594#sheet=Binance_HotCold&distinct_chain=HBAR&rows=7,13,catalog_review,2026-07-17,Canonical network/namespace mapping reviewed
273,cex_por_workbook:Binance_HotCold,KAIA,26,24,1,wallet_address,,,approved,sha256:c19fe777e29dd0d6434d7e9f08aa36fca0d1e89ed89c293accd55b4f8b987594#sheet=Binance_HotCold&distinct_chain=KAIA&rows=1,13,catalog_review,2026-07-17,Canonical network/namespace mapping reviewed
274,cex_por_workbook:Binance_HotCold,KAVAEVM,61,64,1,wallet_address,,,approved,sha256:c19fe777e29dd0d6434d7e9f08aa36fca0d1e89ed89c293accd55b4f8b987594#sheet=Binance_HotCold&distinct_chain=KAVAEVM&rows=1,13,catalog_review,2026-07-17,Canonical network/namespace mapping reviewed
275,cex_por_workbook:Binance_HotCold,LINEA,19,17,1,wallet_address,,,approved,sha256:c19fe777e29dd0d6434d7e9f08aa36fca0d1e89ed89c293accd55b4f8b987594#sheet=Binance_HotCold&distinct_chain=LINEA&rows=2,13,catalog_review,2026-07-17,Canonical network/namespace mapping reviewed
276,cex_por_workbook:Binance_HotCold,LTC,11,49,97,wallet_address,,,approved,sha256:c19fe777e29dd0d6434d7e9f08aa36fca0d1e89ed89c293accd55b4f8b987594#sheet=Binance_HotCold&distinct_chain=LTC&rows=18,13,catalog_review,2026-07-17,Canonical network/namespace mapping reviewed
277,cex_por_workbook:Binance_HotCold,MANTA,63,66,1,wallet_address,,,approved,sha256:c19fe777e29dd0d6434d7e9f08aa36fca0d1e89ed89c293accd55b4f8b987594#sheet=Binance_HotCold&distinct_chain=MANTA&rows=7,13,catalog_review,2026-07-17,Canonical network/namespace mapping reviewed
278,cex_por_workbook:Binance_HotCold,MATIC,3,5,1,wallet_address,,,approved,sha256:c19fe777e29dd0d6434d7e9f08aa36fca0d1e89ed89c293accd55b4f8b987594#sheet=Binance_HotCold&distinct_chain=MATIC&rows=19,13,catalog_review,2026-07-17,Canonical network/namespace mapping reviewed
279,cex_por_workbook:Binance_HotCold,MTL,,,,wallet_address,,,pending_mapping,sha256:c19fe777e29dd0d6434d7e9f08aa36fca0d1e89ed89c293accd55b4f8b987594#sheet=Binance_HotCold&distinct_chain=MTL&rows=1,13,,,Requires manual mapping review
280,cex_por_workbook:Binance_HotCold,NEAR,39,37,60,wallet_address,,,approved,sha256:c19fe777e29dd0d6434d7e9f08aa36fca0d1e89ed89c293accd55b4f8b987594#sheet=Binance_HotCold&distinct_chain=NEAR&rows=19,13,catalog_review,2026-07-17,Canonical network/namespace mapping reviewed
281,cex_por_workbook:Binance_HotCold,OPBNB,66,69,1,wallet_address,,,approved,sha256:c19fe777e29dd0d6434d7e9f08aa36fca0d1e89ed89c293accd55b4f8b987594#sheet=Binance_HotCold&distinct_chain=OPBNB&rows=3,13,catalog_review,2026-07-17,Canonical network/namespace mapping reviewed
282,cex_por_workbook:Binance_HotCold,OPTIMISM,6,8,1,wallet_address,,,approved,sha256:c19fe777e29dd0d6434d7e9f08aa36fca0d1e89ed89c293accd55b4f8b987594#sheet=Binance_HotCold&distinct_chain=OPTIMISM&rows=9,13,catalog_review,2026-07-17,Canonical network/namespace mapping reviewed
283,cex_por_workbook:Binance_HotCold,PLASMA,77,80,1,wallet_address,,,approved,sha256:c19fe777e29dd0d6434d7e9f08aa36fca0d1e89ed89c293accd55b4f8b987594#sheet=Binance_HotCold&distinct_chain=PLASMA&rows=3,13,catalog_review,2026-07-17,Canonical network/namespace mapping reviewed
284,cex_por_workbook:Binance_HotCold,RON,67,70,1,wallet_address,,,approved,sha256:c19fe777e29dd0d6434d7e9f08aa36fca0d1e89ed89c293accd55b4f8b987594#sheet=Binance_HotCold&distinct_chain=RON&rows=3,13,catalog_review,2026-07-17,Canonical network/namespace mapping reviewed
285,cex_por_workbook:Binance_HotCold,SCROLL,20,18,1,wallet_address,,,approved,sha256:c19fe777e29dd0d6434d7e9f08aa36fca0d1e89ed89c293accd55b4f8b987594#sheet=Binance_HotCold&distinct_chain=SCROLL&rows=1,13,catalog_review,2026-07-17,Canonical network/namespace mapping reviewed
286,cex_por_workbook:Binance_HotCold,SEIEVM,68,71,1,wallet_address,,,approved,sha256:c19fe777e29dd0d6434d7e9f08aa36fca0d1e89ed89c293accd55b4f8b987594#sheet=Binance_HotCold&distinct_chain=SEIEVM&rows=1,13,catalog_review,2026-07-17,Canonical network/namespace mapping reviewed
287,cex_por_workbook:Binance_HotCold,SOL,8,10,20,wallet_address,,,approved,sha256:c19fe777e29dd0d6434d7e9f08aa36fca0d1e89ed89c293accd55b4f8b987594#sheet=Binance_HotCold&distinct_chain=SOL&rows=19,13,catalog_review,2026-07-17,Canonical network/namespace mapping reviewed
288,cex_por_workbook:Binance_HotCold,SONIC,28,26,1,wallet_address,,,approved,sha256:c19fe777e29dd0d6434d7e9f08aa36fca0d1e89ed89c293accd55b4f8b987594#sheet=Binance_HotCold&distinct_chain=SONIC&rows=12,13,catalog_review,2026-07-17,Canonical network/namespace mapping reviewed
289,cex_por_workbook:Binance_HotCold,STARKNET,48,46,95,wallet_address,,,approved,sha256:c19fe777e29dd0d6434d7e9f08aa36fca0d1e89ed89c293accd55b4f8b987594#sheet=Binance_HotCold&distinct_chain=STARKNET&rows=3,13,catalog_review,2026-07-17,Canonical network/namespace mapping reviewed
290,cex_por_workbook:Binance_HotCold,STATEMINT,84,87,80,wallet_address,,,approved,sha256:c19fe777e29dd0d6434d7e9f08aa36fca0d1e89ed89c293accd55b4f8b987594#sheet=Binance_HotCold&distinct_chain=STATEMINT&rows=8,13,catalog_review,2026-07-17,Canonical network/namespace mapping reviewed
291,cex_por_workbook:Binance_HotCold,SUI,29,27,30,wallet_address,,,approved,sha256:c19fe777e29dd0d6434d7e9f08aa36fca0d1e89ed89c293accd55b4f8b987594#sheet=Binance_HotCold&distinct_chain=SUI&rows=13,13,catalog_review,2026-07-17,Canonical network/namespace mapping reviewed
292,cex_por_workbook:Binance_HotCold,TON,31,29,50,wallet_address,,,approved,sha256:c19fe777e29dd0d6434d7e9f08aa36fca0d1e89ed89c293accd55b4f8b987594#sheet=Binance_HotCold&distinct_chain=TON&rows=2,13,catalog_review,2026-07-17,Canonical network/namespace mapping reviewed
293,cex_por_workbook:Binance_HotCold,TRX,9,11,21,wallet_address,,,approved,sha256:c19fe777e29dd0d6434d7e9f08aa36fca0d1e89ed89c293accd55b4f8b987594#sheet=Binance_HotCold&distinct_chain=TRX&rows=20,13,catalog_review,2026-07-17,Canonical network/namespace mapping reviewed
294,cex_por_workbook:Binance_HotCold,WLD,73,76,1,wallet_address,,,approved,sha256:c19fe777e29dd0d6434d7e9f08aa36fca0d1e89ed89c293accd55b4f8b987594#sheet=Binance_HotCold&distinct_chain=WLD&rows=6,13,catalog_review,2026-07-17,Canonical network/namespace mapping reviewed
295,cex_por_workbook:Binance_HotCold,XLM,44,42,91,wallet_address,,,approved,sha256:c19fe777e29dd0d6434d7e9f08aa36fca0d1e89ed89c293accd55b4f8b987594#sheet=Binance_HotCold&distinct_chain=XLM&rows=2,13,catalog_review,2026-07-17,Canonical network/namespace mapping reviewed
296,cex_por_workbook:Binance_HotCold,XRP,43,41,90,wallet_address,,,approved,sha256:c19fe777e29dd0d6434d7e9f08aa36fca0d1e89ed89c293accd55b4f8b987594#sheet=Binance_HotCold&distinct_chain=XRP&rows=22,13,catalog_review,2026-07-17,Canonical network/namespace mapping reviewed
297,cex_por_workbook:Binance_HotCold,XTZ,46,44,93,wallet_address,,,approved,sha256:c19fe777e29dd0d6434d7e9f08aa36fca0d1e89ed89c293accd55b4f8b987594#sheet=Binance_HotCold&distinct_chain=XTZ&rows=1,13,catalog_review,2026-07-17,Canonical network/namespace mapping reviewed
298,cex_por_workbook:Binance_HotCold,ZKSYNCERA,18,16,1,wallet_address,,,approved,sha256:c19fe777e29dd0d6434d7e9f08aa36fca0d1e89ed89c293accd55b4f8b987594#sheet=Binance_HotCold&distinct_chain=ZKSYNCERA&rows=7,13,catalog_review,2026-07-17,Canonical network/namespace mapping reviewed
299,cex_por_workbook:Indodax_CMC,Arbitrum,5,7,1,wallet_address,,,approved,sha256:c19fe777e29dd0d6434d7e9f08aa36fca0d1e89ed89c293accd55b4f8b987594#sheet=Indodax_CMC&distinct_chain=Arbitrum&rows=1,13,catalog_review,2026-07-17,Canonical network/namespace mapping reviewed
300,cex_por_workbook:Indodax_CMC,Bitcoin,1,47,13,wallet_address,,,approved,sha256:c19fe777e29dd0d6434d7e9f08aa36fca0d1e89ed89c293accd55b4f8b987594#sheet=Indodax_CMC&distinct_chain=Bitcoin&rows=2,13,catalog_review,2026-07-17,Canonical network/namespace mapping reviewed
301,cex_por_workbook:Indodax_CMC,Bitcoin Cash,10,48,96,wallet_address,,,approved,sha256:c19fe777e29dd0d6434d7e9f08aa36fca0d1e89ed89c293accd55b4f8b987594#sheet=Indodax_CMC&distinct_chain=Bitcoin%20Cash&rows=1,13,catalog_review,2026-07-17,Canonical network/namespace mapping reviewed
302,cex_por_workbook:Indodax_CMC,BNB,7,9,1,wallet_address,,,approved,sha256:c19fe777e29dd0d6434d7e9f08aa36fca0d1e89ed89c293accd55b4f8b987594#sheet=Indodax_CMC&distinct_chain=BNB&rows=11,13,catalog_review,2026-07-17,Canonical network/namespace mapping reviewed
303,cex_por_workbook:Indodax_CMC,Cardano,40,38,71,wallet_address,,,approved,sha256:c19fe777e29dd0d6434d7e9f08aa36fca0d1e89ed89c293accd55b4f8b987594#sheet=Indodax_CMC&distinct_chain=Cardano&rows=2,13,catalog_review,2026-07-17,Canonical network/namespace mapping reviewed
304,cex_por_workbook:Indodax_CMC,Dogecoin,12,50,97,wallet_address,,,approved,sha256:c19fe777e29dd0d6434d7e9f08aa36fca0d1e89ed89c293accd55b4f8b987594#sheet=Indodax_CMC&distinct_chain=Dogecoin&rows=2,13,catalog_review,2026-07-17,Canonical network/namespace mapping reviewed
305,cex_por_workbook:Indodax_CMC,Ethereum,2,4,1,wallet_address,,,approved,sha256:c19fe777e29dd0d6434d7e9f08aa36fca0d1e89ed89c293accd55b4f8b987594#sheet=Indodax_CMC&distinct_chain=Ethereum&rows=18,13,catalog_review,2026-07-17,Canonical network/namespace mapping reviewed
306,cex_por_workbook:Indodax_CMC,Hedera,47,45,94,wallet_address,,,approved,sha256:c19fe777e29dd0d6434d7e9f08aa36fca0d1e89ed89c293accd55b4f8b987594#sheet=Indodax_CMC&distinct_chain=Hedera&rows=1,13,catalog_review,2026-07-17,Canonical network/namespace mapping reviewed
307,cex_por_workbook:Indodax_CMC,Hyperliquid,80,83,1,wallet_address,,,approved,sha256:c19fe777e29dd0d6434d7e9f08aa36fca0d1e89ed89c293accd55b4f8b987594#sheet=Indodax_CMC&distinct_chain=Hyperliquid&rows=1,13,catalog_review,2026-07-17,Canonical network/namespace mapping reviewed
308,cex_por_workbook:Indodax_CMC,Optimism,6,8,1,wallet_address,,,approved,sha256:c19fe777e29dd0d6434d7e9f08aa36fca0d1e89ed89c293accd55b4f8b987594#sheet=Indodax_CMC&distinct_chain=Optimism&rows=2,13,catalog_review,2026-07-17,Canonical network/namespace mapping reviewed
309,cex_por_workbook:Indodax_CMC,Polkadot,41,39,80,wallet_address,,,approved,sha256:c19fe777e29dd0d6434d7e9f08aa36fca0d1e89ed89c293accd55b4f8b987594#sheet=Indodax_CMC&distinct_chain=Polkadot&rows=1,13,catalog_review,2026-07-17,Canonical network/namespace mapping reviewed
310,cex_por_workbook:Indodax_CMC,Polygon,3,5,1,wallet_address,,,approved,sha256:c19fe777e29dd0d6434d7e9f08aa36fca0d1e89ed89c293accd55b4f8b987594#sheet=Indodax_CMC&distinct_chain=Polygon&rows=1,13,catalog_review,2026-07-17,Canonical network/namespace mapping reviewed
311,cex_por_workbook:Indodax_CMC,Solana,8,10,20,wallet_address,,,approved,sha256:c19fe777e29dd0d6434d7e9f08aa36fca0d1e89ed89c293accd55b4f8b987594#sheet=Indodax_CMC&distinct_chain=Solana&rows=13,13,catalog_review,2026-07-17,Canonical network/namespace mapping reviewed
312,cex_por_workbook:Indodax_CMC,Stellar,44,42,91,wallet_address,,,approved,sha256:c19fe777e29dd0d6434d7e9f08aa36fca0d1e89ed89c293accd55b4f8b987594#sheet=Indodax_CMC&distinct_chain=Stellar&rows=1,13,catalog_review,2026-07-17,Canonical network/namespace mapping reviewed
313,cex_por_workbook:Indodax_CMC,Sui,29,27,30,wallet_address,,,approved,sha256:c19fe777e29dd0d6434d7e9f08aa36fca0d1e89ed89c293accd55b4f8b987594#sheet=Indodax_CMC&distinct_chain=Sui&rows=1,13,catalog_review,2026-07-17,Canonical network/namespace mapping reviewed
314,cex_por_workbook:Indodax_CMC,TRON,9,11,21,wallet_address,,,approved,sha256:c19fe777e29dd0d6434d7e9f08aa36fca0d1e89ed89c293accd55b4f8b987594#sheet=Indodax_CMC&distinct_chain=TRON&rows=5,13,catalog_review,2026-07-17,Canonical network/namespace mapping reviewed
315,cex_por_workbook:Indodax_CMC,XDC Network,74,77,1,wallet_address,,,approved,sha256:c19fe777e29dd0d6434d7e9f08aa36fca0d1e89ed89c293accd55b4f8b987594#sheet=Indodax_CMC&distinct_chain=XDC%20Network&rows=2,13,catalog_review,2026-07-17,Canonical network/namespace mapping reviewed
316,cex_por_workbook:Indodax_CMC,XRP,43,41,90,wallet_address,,,approved,sha256:c19fe777e29dd0d6434d7e9f08aa36fca0d1e89ed89c293accd55b4f8b987594#sheet=Indodax_CMC&distinct_chain=XRP&rows=2,13,catalog_review,2026-07-17,Canonical network/namespace mapping reviewed
